frame,timestamp,confidence,success,gaze_0_x,gaze_0_y,gaze_0_z,gaze_1_x,gaze_1_y,gaze_1_z,gaze_angle_x,gaze_angle_y
2945,294.4,0.98,1,0.135884,0.062968,-0.988722,-0.130452,0.093978,-0.986991,0.003,0.079
2946,294.5,0.98,1,0.139375,0.0716,-0.987648,-0.12305,0.108268,-0.986477,0.008,0.091
2947,294.6,0.98,1,0.118731,0.083745,-0.989389,-0.123233,0.084784,-0.988749,-0.002,0.085
2948,294.7,0.98,1,0.095378,0.047527,-0.994306,-0.122962,0.086974,-0.988593,-0.014,0.068
2949,294.8,0.98,1,0.101496,0.050538,-0.993551,-0.110469,0.087961,-0.98998,-0.005,0.07
2950,294.9,0.98,1,0.130999,0.087448,-0.987518,-0.125921,0.070537,-0.989529,0.003,0.08
2951,295.0,0.98,1,0.154103,0.034488,-0.987453,-0.103108,0.152736,-0.982874,0.026,0.095
2952,295.1,0.98,1,0.088674,0.091148,-0.991881,-0.17549,0.104466,-0.978923,-0.044,0.099
2953,295.2,0.98,1,0.082956,0.077108,-0.993566,-0.128714,0.099399,-0.986688,-0.023,0.089
2954,295.3,0.98,1,0.075782,0.063038,-0.99513,-0.136182,0.093357,-0.986275,-0.03,0.079
2955,295.4,0.98,1,0.094687,0.060131,-0.993689,-0.09925,0.108633,-0.989115,-0.002,0.085
2956,295.5,0.98,1,0.087597,0.029957,-0.995705,-0.09397,0.099947,-0.990546,-0.003,0.065
2957,295.6,0.98,1,0.087236,0.044768,-0.995181,-0.09589,0.126517,-0.987319,-0.004,0.086
2958,295.7,0.98,1,0.102324,0.113776,-0.988223,-0.102039,0.117499,-0.987817,0.0,0.117
2959,295.8,0.98,1,0.09455,0.137228,-0.986017,-0.106234,0.088028,-0.990437,-0.006,0.113
2960,295.9,0.98,1,0.069987,0.062103,-0.995613,-0.120952,0.099085,-0.987701,-0.026,0.081
2961,296.0,0.98,1,0.063645,0.066108,-0.995781,-0.081313,0.096632,-0.991993,-0.009,0.082
2962,296.1,0.98,1,0.075442,0.122492,-0.989598,-0.065411,0.110019,-0.991775,0.005,0.117
2963,296.2,0.98,1,0.193774,0.120642,-0.9736,-0.195455,0.075825,-0.977777,-0.001,0.1
2964,296.3,0.98,1,0.064249,0.076109,-0.995027,-0.059111,0.092321,-0.993973,0.003,0.084
2965,296.4,0.98,1,0.067663,0.066801,-0.995469,-0.110987,0.099394,-0.988839,-0.022,0.084
2966,296.5,0.98,1,0.067185,0.064283,-0.995668,-0.102964,0.09803,-0.989843,-0.018,0.082
2967,296.6,0.98,1,0.087521,0.067298,-0.993887,-0.092547,0.102234,-0.990446,-0.003,0.085
2968,296.7,0.98,1,0.103127,0.082219,-0.991264,-0.080993,0.083897,-0.993177,0.011,0.084
2969,296.8,0.93,1,0.087512,0.062195,-0.99422,-0.084423,0.080321,-0.993187,0.002,0.072
2970,296.9,0.98,1,0.084715,0.075613,-0.993532,-0.090938,0.076846,-0.992887,-0.003,0.077
2971,297.0,0.98,1,0.089954,0.049634,-0.994708,-0.138182,0.091744,-0.986149,-0.024,0.071
2972,297.1,0.98,1,0.069434,0.045967,-0.996527,-0.139806,0.102427,-0.984867,-0.036,0.075
2973,297.2,0.98,1,0.115419,0.139637,-0.983453,-0.096756,0.061715,-0.993393,0.009,0.102
2974,297.3,0.98,1,0.10289,0.054378,-0.993205,-0.107541,0.080207,-0.99096,-0.002,0.068
2975,297.4,0.98,1,0.072853,0.026086,-0.997001,-0.106322,0.069074,-0.99193,-0.017,0.048
2976,297.5,0.98,1,0.059234,0.034967,-0.997632,-0.124642,0.103512,-0.986787,-0.033,0.07
2977,297.6,0.98,1,0.062827,0.029271,-0.997595,-0.120772,0.082607,-0.989237,-0.029,0.056
2978,297.7,0.98,1,0.087635,0.037366,-0.995452,-0.150153,0.08531,-0.984975,-0.032,0.062
2979,297.8,0.98,1,0.097184,0.057535,-0.993602,-0.1344,0.101774,-0.985687,-0.019,0.08
2980,297.9,0.98,1,0.083312,0.063051,-0.994527,-0.126604,0.098512,-0.98705,-0.022,0.081
2981,298.0,0.98,1,0.09045,0.061542,-0.993998,-0.128716,0.106369,-0.98596,-0.019,0.085
2982,298.1,0.98,1,0.083762,0.03677,-0.995807,-0.097936,0.091548,-0.990973,-0.007,0.064
2983,298.2,0.98,1,0.068516,0.029053,-0.997227,-0.099059,0.092325,-0.990789,-0.015,0.061
2984,298.3,0.98,1,0.076389,0.028203,-0.996679,-0.103354,0.082293,-0.991234,-0.014,0.056
2985,298.4,0.98,1,0.14015,0.110125,-0.983987,-0.119655,0.136779,-0.983348,0.01,0.125
2986,298.5,0.98,1,0.108981,0.076225,-0.991117,-0.164272,0.070893,-0.983864,-0.028,0.074
2987,298.6,0.98,1,0.046211,0.023083,-0.998665,-0.141046,0.097728,-0.985168,-0.048,0.061
2988,298.7,0.98,1,0.03865,0.029174,-0.998827,-0.142072,0.083373,-0.986339,-0.052,0.057
2989,298.8,0.98,1,0.070978,0.0304,-0.997015,-0.142082,0.086644,-0.986056,-0.036,0.059
2990,298.9,0.98,1,0.086885,0.04562,-0.995173,-0.162104,0.08922,-0.982732,-0.038,0.068
2991,299.0,0.98,1,0.105484,0.123019,-0.986782,-0.179241,0.098342,-0.978878,-0.038,0.112
2992,299.1,0.98,1,0.16367,0.075211,-0.983644,-0.082511,0.080585,-0.993327,0.041,0.079
2993,299.2,0.98,1,0.061215,-0.008465,-0.998089,-0.064896,0.089903,-0.993834,-0.002,0.041
2994,299.3,0.98,1,0.049058,0.000862,-0.998796,-0.082781,0.089621,-0.99253,-0.017,0.045
2995,299.4,0.98,1,0.075525,0.032739,-0.996606,-0.109734,0.096215,-0.989293,-0.017,0.065
2996,299.5,0.98,1,0.146796,0.065928,-0.986967,-0.114387,0.053369,-0.992002,0.016,0.06
2997,299.6,0.98,1,0.098311,0.064521,-0.993062,-0.102569,0.047353,-0.993598,-0.002,0.056
2998,299.7,0.98,1,0.071607,0.041782,-0.996557,-0.10198,0.062634,-0.992813,-0.015,0.052
2999,299.8,0.98,1,0.058864,0.025304,-0.997945,-0.093281,0.050076,-0.99438,-0.017,0.038
3000,299.9,0.98,1,0.064052,0.028134,-0.99755,-0.122709,0.084811,-0.988812,-0.03,0.057
3001,300.0,0.98,1,0.061188,0.034264,-0.997538,-0.144817,0.091902,-0.985181,-0.042,0.064
3002,300.1,0.98,1,0.094072,0.059087,-0.99381,-0.130235,0.093121,-0.9871,-0.018,0.077
3003,300.2,0.98,1,0.091853,0.05249,-0.994388,-0.120521,0.086483,-0.988937,-0.014,0.07
3004,300.3,0.98,1,0.069352,0.02275,-0.997333,-0.121517,0.062091,-0.990645,-0.026,0.043
3005,300.4,0.98,1,0.046131,0.037044,-0.998248,-0.115236,0.071714,-0.990746,-0.035,0.055
3006,300.5,0.98,1,0.053409,0.048894,-0.997375,-0.116007,0.054929,-0.991728,-0.031,0.052
3007,300.6,0.98,1,0.050821,0.049788,-0.997466,-0.124986,0.07292,-0.989475,-0.037,0.062
3008,300.7,0.98,1,0.094179,0.082099,-0.992164,-0.207816,0.086606,-0.974326,-0.058,0.086
3009,300.8,0.98,1,0.10835,0.092374,-0.989812,-0.176812,0.103835,-0.978752,-0.035,0.099
3010,300.9,0.98,1,0.155069,0.023525,-0.987624,-0.170903,0.083939,-0.981706,-0.008,0.055
3011,301.0,0.98,1,0.10943,-0.002526,-0.993991,-0.19217,0.037492,-0.980645,-0.042,0.018
3012,301.1,0.98,1,0.105829,0.038144,-0.993652,-0.214012,0.078228,-0.973694,-0.055,0.059
3013,301.2,0.98,1,0.099228,0.008942,-0.995025,-0.151663,0.016894,-0.988288,-0.026,0.013
3014,301.3,0.98,1,0.094268,0.007907,-0.995515,-0.148984,0.009659,-0.988792,-0.028,0.009
3015,301.4,0.98,1,0.096555,0.038713,-0.994574,-0.144451,0.026171,-0.989166,-0.024,0.033
3016,301.5,0.98,1,0.083119,0.024242,-0.996245,-0.112077,0.08145,-0.990356,-0.015,0.053
3017,301.6,0.98,1,0.078664,0.065074,-0.994775,-0.110546,0.122257,-0.986323,-0.016,0.094
3018,301.7,0.98,1,0.07841,0.118878,-0.989808,-0.1444,0.139121,-0.979691,-0.033,0.13
3019,301.8,0.98,1,0.098601,0.061897,-0.9932,-0.081048,0.140822,-0.986712,0.009,0.102
3020,301.9,0.98,1,0.090411,0.058414,-0.99419,-0.134334,0.103993,-0.985464,-0.022,0.082
3021,302.0,0.98,1,0.152231,0.183062,-0.971244,-0.106356,0.195654,-0.974889,0.024,0.192
3022,302.1,0.98,1,0.071581,0.094873,-0.992912,-0.083503,0.139178,-0.98674,-0.006,0.118
3023,302.2,0.98,1,0.134466,0.04025,-0.9901,-0.122457,0.123683,-0.984737,0.006,0.083
3024,302.3,0.98,1,0.096766,0.018426,-0.995137,-0.173946,0.07264,-0.982072,-0.039,0.046
3025,302.4,0.98,1,0.083509,0.030101,-0.996052,-0.181914,0.072848,-0.980612,-0.05,0.052
3026,302.5,0.98,1,0.080608,0.01443,-0.996641,-0.178563,0.069706,-0.981456,-0.049,0.043
3027,302.6,0.98,1,0.093721,0.039769,-0.994804,-0.170847,0.101317,-0.980075,-0.039,0.071
3028,302.7,0.98,1,0.055253,0.054202,-0.997,-0.127634,0.10856,-0.985862,-0.036,0.082
3029,302.8,0.98,1,0.079185,0.040412,-0.996041,-0.112462,0.09542,-0.989064,-0.017,0.068
3030,302.9,0.98,1,0.09913,0.044492,-0.994079,-0.121286,0.090365,-0.988496,-0.011,0.068
3031,303.0,0.98,1,0.106038,0.120104,-0.987082,-0.151017,0.106015,-0.98283,-0.023,0.114
3032,303.1,0.98,1,0.073654,0.088451,-0.993354,-0.188165,0.121456,-0.974599,-0.058,0.106
3033,303.2,0.98,1,0.085151,0.050391,-0.995093,-0.13952,0.095873,-0.985567,-0.027,0.074
3034,303.3,0.93,1,0.080754,0.038797,-0.995979,-0.198401,0.098562,-0.975152,-0.06,0.07
3035,303.4,0.98,1,0.08986,0.065219,-0.993817,-0.203584,0.10878,-0.972996,-0.058,0.088
3036,303.5,0.98,1,0.088425,0.071975,-0.993479,-0.184872,0.095175,-0.978143,-0.049,0.085
3037,303.6,0.93,1,0.072495,0.069182,-0.994967,-0.102877,0.103402,-0.989305,-0.015,0.087
3038,303.7,0.98,1,0.078777,0.059253,-0.99513,-0.120093,0.091775,-0.988512,-0.021,0.076
3039,303.8,0.98,1,0.082767,0.034893,-0.995958,-0.16582,0.073246,-0.983432,-0.042,0.055
3040,303.9,0.98,1,0.037104,0.021449,-0.999081,-0.146686,0.114922,-0.982485,-0.055,0.069
3041,304.0,0.98,1,0.042601,0.004714,-0.999081,-0.144003,0.101178,-0.984391,-0.051,0.053
3042,304.1,0.98,1,0.071504,0.026127,-0.997098,-0.207913,0.122484,-0.970448,-0.069,0.075
3043,304.2,0.98,1,0.082522,0.027161,-0.996219,-0.175533,0.122718,-0.976795,-0.047,0.076
3044,304.3,0.98,1,0.075773,0.043048,-0.996195,-0.17445,0.096671,-0.979909,-0.05,0.071
3045,304.4,0.98,1,0.05611,0.05279,-0.997028,-0.179197,0.071591,-0.981205,-0.062,0.063
3046,304.5,0.98,1,0.082469,0.072591,-0.993946,-0.139528,0.094055,-0.985741,-0.029,0.084
3047,304.6,0.98,1,0.022848,0.172444,-0.984754,-0.132662,0.177802,-0.975083,-0.056,0.177
3048,304.7,0.98,1,0.089081,0.1561,-0.983716,-0.228197,0.240941,-0.943331,-0.072,0.203
3049,304.8,0.98,1,0.111856,0.024317,-0.993427,-0.065897,0.008659,-0.997789,0.023,0.017
3050,304.9,0.98,1,0.111423,0.022869,-0.99351,-0.0744,0.050704,-0.995939,0.019,0.037
3051,305.0,0.98,1,0.074336,-0.033661,-0.996665,-0.054625,0.069556,-0.996081,0.01,0.018
3052,305.1,0.98,1,0.078082,-0.03667,-0.996272,-0.094998,0.082562,-0.992048,-0.009,0.023
3053,305.2,0.98,1,0.082092,-0.029423,-0.99619,-0.099862,0.046577,-0.993911,-0.009,0.009
3054,305.3,0.98,1,0.081704,-0.002386,-0.996654,-0.124797,0.077707,-0.989135,-0.022,0.038
3055,305.4,0.98,1,0.033593,-0.004622,-0.999425,-0.05153,0.073499,-0.995963,-0.009,0.035
3056,305.5,0.93,1,0.056462,0.012746,-0.998323,-0.05045,0.08971,-0.994689,0.003,0.051
3057,305.6,0.98,1,0.046847,0.027158,-0.998533,-0.092549,0.079165,-0.992556,-0.023,0.053
3058,305.7,0.98,1,0.041099,0.027846,-0.998767,-0.088101,0.071896,-0.993514,-0.024,0.05
3059,305.8,0.98,1,0.054018,0.015579,-0.998418,-0.046452,0.09139,-0.994731,0.004,0.054
3060,305.9,0.98,1,0.039669,0.046221,-0.998143,-0.038629,0.101779,-0.994057,0.001,0.074
3061,306.0,0.98,1,0.128225,0.031164,-0.991255,-0.074693,0.097803,-0.992399,0.027,0.065
3062,306.1,0.98,1,0.091098,0.048323,-0.994669,-0.124542,0.065384,-0.990058,-0.017,0.057
3063,306.2,0.98,1,0.091625,0.049386,-0.994568,-0.123729,0.047933,-0.991158,-0.016,0.049
3064,306.3,0.98,1,0.085733,0.040913,-0.995478,-0.112079,0.064216,-0.991622,-0.013,0.053
3065,306.4,0.98,1,0.093565,0.002457,-0.99561,-0.007633,0.044726,-0.99897,0.043,0.024
3066,306.5,0.98,1,0.098505,-0.007371,-0.995109,-0.002939,0.03226,-0.999475,0.048,0.012
3067,306.6,0.98,1,0.089242,0.013687,-0.995916,-0.011361,0.035033,-0.999322,0.039,0.024
3068,306.7,0.98,1,0.076339,-0.001758,-0.99708,-0.029105,0.024811,-0.999268,0.024,0.012
3069,306.8,0.98,1,0.083291,-0.007415,-0.996498,-0.021567,0.024064,-0.999478,0.031,0.008
3070,306.9,0.98,1,0.08828,-0.011519,-0.996029,-0.047368,0.004018,-0.998869,0.021,-0.004
3071,307.0,0.98,1,0.113734,-0.004501,-0.993501,-0.03976,0.015226,-0.999093,0.037,0.005
3072,307.1,0.98,1,0.099932,-0.007337,-0.994967,-0.047293,0.02831,-0.99848,0.026,0.011
3073,307.2,0.98,1,0.068729,0.050584,-0.996352,-0.156807,0.039364,-0.986845,-0.044,0.045
3074,307.3,0.98,1,-0.004173,0.036239,-0.999334,-0.120518,0.078991,-0.989563,-0.063,0.058
3075,307.4,0.98,1,0.020442,0.032973,-0.999247,-0.090636,0.036016,-0.995233,-0.035,0.035
3076,307.5,0.98,1,0.124702,0.125952,-0.984167,-0.122096,0.105376,-0.986909,0.001,0.117
3077,307.6,0.98,1,0.063334,0.011909,-0.997921,-0.177101,0.064143,-0.9821,-0.057,0.038
3078,307.7,0.98,1,0.06284,0.016121,-0.997893,-0.176242,0.041153,-0.983486,-0.057,0.029
3079,307.8,0.98,1,0.056465,0.020728,-0.998189,-0.177476,0.064537,-0.982007,-0.061,0.043
3080,307.9,0.98,1,0.02418,0.017884,-0.999548,-0.172961,0.050816,-0.983617,-0.075,0.035
3081,308.0,0.98,1,0.127204,0.118723,-0.984746,-0.12468,0.151438,-0.980572,0.001,0.137
3082,308.1,0.98,1,0.134457,0.055633,-0.989356,-0.118173,0.098295,-0.988116,0.008,0.078
3083,308.2,0.98,1,0.072342,0.046254,-0.996307,-0.169413,0.062069,-0.983589,-0.049,0.055
3084,308.3,0.98,1,0.080136,0.051698,-0.995442,-0.128611,0.07079,-0.989165,-0.024,0.062
3085,308.4,0.98,1,0.085839,0.029579,-0.99587,-0.12538,0.075874,-0.989203,-0.02,0.053
3086,308.5,0.98,1,0.096677,0.037585,-0.994606,-0.177158,0.06659,-0.981927,-0.041,0.053
3087,308.6,0.98,1,0.186469,0.116486,-0.975531,-0.203356,0.170247,-0.96419,-0.009,0.147
3088,308.7,0.98,1,0.163354,0.011199,-0.986504,-0.14867,0.033326,-0.988325,0.007,0.023
3089,308.8,0.98,1,0.057426,-0.006673,-0.998327,-0.13089,0.05778,-0.989712,-0.037,0.026
3090,308.9,0.98,1,0.091032,0.003721,-0.995841,-0.169242,0.07341,-0.982837,-0.04,0.039
3091,309.0,0.98,1,0.03999,0.017693,-0.999043,-0.120766,0.088597,-0.988719,-0.041,0.053
3092,309.1,0.98,1,0.124472,0.062217,-0.99027,-0.121484,0.110939,-0.986374,0.002,0.087
3093,309.2,0.98,1,0.124934,0.071544,-0.989582,-0.087153,0.076988,-0.993216,0.019,0.075
3094,309.3,0.98,1,0.115134,0.057198,-0.991702,-0.066151,0.091398,-0.993615,0.025,0.075
3095,309.4,0.98,1,0.143416,0.028992,-0.989238,-0.07233,0.08959,-0.993349,0.036,0.06
3096,309.5,0.98,1,0.126781,0.04551,-0.990886,-0.063661,0.082789,-0.994532,0.032,0.065
3097,309.6,0.98,1,0.11779,0.016594,-0.9929,-0.0931,0.063221,-0.993648,0.012,0.04
3098,309.7,0.98,1,0.089288,0.039313,-0.99523,-0.07927,0.088119,-0.992951,0.005,0.064
3099,309.8,0.98,1,0.096569,0.042522,-0.994418,-0.112714,0.075555,-0.990751,-0.008,0.059
3100,309.9,0.98,1,0.092714,0.112495,-0.989317,-0.146494,0.108534,-0.983239,-0.027,0.112
3101,310.0,0.98,1,0.102987,0.052255,-0.993309,-0.085168,0.120629,-0.989037,0.009,0.087
3102,310.1,0.98,1,0.089496,0.031391,-0.995492,-0.13362,0.118842,-0.983881,-0.022,0.076
3103,310.2,0.98,1,0.100595,0.031946,-0.994414,-0.12976,0.100745,-0.986414,-0.015,0.067
3104,310.3,0.98,1,0.083042,0.017065,-0.9964,-0.173016,0.083586,-0.981366,-0.045,0.051
3105,310.4,0.98,1,0.080595,0.052906,-0.995342,-0.183339,0.107723,-0.97713,-0.052,0.081
3106,310.5,0.98,1,0.048799,0.039806,-0.998015,-0.102429,0.080806,-0.991453,-0.027,0.061
3107,310.6,0.98,1,0.0435,0.012397,-0.998977,-0.118086,0.069917,-0.990539,-0.037,0.041
3108,310.7,0.98,1,0.057401,0.021053,-0.998129,-0.072577,0.066315,-0.995156,-0.008,0.044
3109,310.8,0.98,1,0.156664,0.150534,-0.976113,-0.117199,0.197076,-0.973358,0.02,0.176
3110,310.9,0.98,1,0.119059,0.025803,-0.992552,-0.08224,0.065044,-0.994488,0.019,0.046
3111,311.0,0.93,1,0.049829,0.002359,-0.998755,-0.04524,0.094359,-0.99451,0.002,0.048
3112,311.1,0.98,1,0.082269,0.129477,-0.988164,-0.116634,0.163656,-0.979599,-0.017,0.148
3113,311.2,0.98,1,0.07447,0.11661,-0.990382,-0.167542,0.100972,-0.980681,-0.047,0.11
3114,311.3,0.98,1,0.06105,0.04777,-0.996991,-0.082786,0.079753,-0.993371,-0.011,0.064
3115,311.4,0.98,1,0.056248,0.080552,-0.995162,-0.093597,0.085133,-0.991964,-0.019,0.083
3116,311.5,0.98,1,0.065854,0.051829,-0.996482,-0.052671,0.041732,-0.99774,0.007,0.047
3117,311.6,0.98,1,0.096989,0.057427,-0.993627,-0.050246,0.056784,-0.997121,0.023,0.057
3118,311.7,0.98,1,0.078978,0.052766,-0.995479,-0.052993,0.052434,-0.997217,0.013,0.053
3119,311.8,0.98,1,0.084186,0.05963,-0.994664,-0.066826,0.083956,-0.994226,0.009,0.072
3120,311.9,0.98,1,0.087187,0.045007,-0.995175,-0.091603,0.076967,-0.992817,-0.002,0.061
3121,312.0,0.98,1,0.153903,0.176427,-0.972207,-0.123278,0.151692,-0.98071,0.016,0.166
3122,312.1,0.98,1,0.099414,0.065157,-0.992911,-0.076497,0.046407,-0.995989,0.012,0.056
3123,312.2,0.98,1,0.121271,0.007477,-0.992591,-0.10496,0.063558,-0.992443,0.008,0.036
3124,312.3,0.98,1,0.096707,0.035139,-0.994692,-0.111669,0.066934,-0.991489,-0.008,0.051
3125,312.4,0.98,1,0.1049,0.01848,-0.994311,-0.085654,0.059912,-0.994522,0.01,0.039
3126,312.5,0.98,1,0.106766,0.022888,-0.994021,-0.085107,0.044,-0.9954,0.011,0.034
3127,312.6,0.98,1,0.108065,0.022053,-0.993899,-0.109061,0.070188,-0.991554,-0.001,0.046
3128,312.7,0.98,1,0.101556,0.001932,-0.994828,-0.098343,0.067081,-0.992889,0.002,0.035
3129,312.8,0.98,1,0.130781,-0.000429,-0.991411,0.002416,0.097364,-0.995246,0.067,0.049
3130,312.9,0.98,1,0.091111,0.063848,-0.993792,-0.048353,0.046943,-0.997727,0.021,0.056
3131,313.0,0.98,1,0.140152,0.082756,-0.986665,-0.130632,0.058819,-0.989685,0.005,0.072
3132,313.1,0.98,1,0.039088,0.02477,-0.998929,-0.085924,0.066288,-0.994094,-0.023,0.046
3133,313.2,0.98,1,0.05451,0.025619,-0.998185,-0.077804,0.062181,-0.995028,-0.012,0.044
3134,313.3,0.98,1,0.045196,0.000696,-0.998978,-0.067503,0.05606,-0.996143,-0.011,0.028
3135,313.4,0.98,1,0.052458,0.002434,-0.99862,-0.080488,0.066319,-0.994547,-0.014,0.034
3136,313.5,0.98,1,0.069606,0.079221,-0.994424,-0.098131,0.083331,-0.991678,-0.014,0.082
3137,313.6,0.98,1,0.160773,0.179069,-0.970611,-0.286532,0.171328,-0.942627,-0.066,0.181
3138,313.7,0.98,1,0.113397,0.066178,-0.991343,-0.079457,0.075727,-0.993958,0.017,0.071
3139,313.8,0.98,1,0.078435,0.092573,-0.992612,-0.096195,0.064796,-0.993251,-0.009,0.079
3140,313.9,0.98,1,0.102471,0.086602,-0.990959,-0.116286,0.060992,-0.991341,-0.007,0.074
3141,314.0,0.98,1,0.103169,0.081565,-0.991314,-0.131564,0.083267,-0.987804,-0.014,0.083
3142,314.1,0.98,1,0.095995,0.067127,-0.993116,-0.113437,0.06168,-0.991629,-0.009,0.065
3143,314.2,0.98,1,0.076784,0.057178,-0.995407,-0.102968,0.052904,-0.993277,-0.013,0.055
3144,314.3,0.98,1,0.075016,0.052407,-0.995804,-0.153686,0.074071,-0.98534,-0.04,0.064
3145,314.4,0.98,1,0.061453,0.080852,-0.99483,-0.146861,0.050389,-0.987873,-0.043,0.066
3146,314.5,0.98,1,0.069159,0.046424,-0.996525,-0.142671,0.058708,-0.988027,-0.037,0.053
3147,314.6,0.93,1,0.0781,0.081162,-0.993636,-0.127602,0.066833,-0.989571,-0.025,0.074
3148,314.7,0.98,1,0.051596,0.030944,-0.998188,-0.133591,0.057875,-0.989345,-0.041,0.045
3149,314.8,0.98,1,0.089976,0.045486,-0.994905,-0.174747,0.069892,-0.98213,-0.043,0.058
3150,314.9,0.98,1,0.104263,0.021088,-0.994326,-0.130042,0.082574,-0.988064,-0.013,0.052
3151,315.0,0.98,1,0.083212,0.013676,-0.996438,-0.129947,0.07106,-0.988971,-0.024,0.043
3152,315.1,0.98,1,0.103428,0.020526,-0.994425,-0.11287,0.086858,-0.989806,-0.005,0.054
3153,315.2,0.88,1,0.077921,0.003316,-0.996954,-0.132751,0.067981,-0.988815,-0.028,0.036
3154,315.3,0.88,1,0.079701,-0.010393,-0.996765,-0.101573,0.073477,-0.992111,-0.011,0.032
3155,315.4,0.98,1,0.10763,0.066826,-0.991943,-0.074392,0.09043,-0.99312,0.017,0.079
3156,315.5,0.98,1,0.170381,0.179927,-0.968812,-0.19206,0.232327,-0.953487,-0.011,0.211
3157,315.6,0.98,1,0.160054,0.047159,-0.985981,-0.159111,0.016645,-0.98712,0.0,0.032
3158,315.7,0.98,1,0.078831,0.007704,-0.996858,-0.103616,0.009148,-0.994575,-0.012,0.008
3159,315.8,0.98,1,0.102235,0.054375,-0.993273,-0.105063,0.067464,-0.992175,-0.001,0.061
3160,315.9,0.98,1,0.106316,0.133866,-0.98528,-0.17609,0.141273,-0.974184,-0.036,0.14
3161,316.0,0.98,1,0.168903,0.028642,-0.985216,-0.069921,0.063338,-0.99554,0.05,0.046
3162,316.1,0.98,1,0.078208,-0.00127,-0.996936,-0.106185,0.064194,-0.992272,-0.014,0.032
3163,316.2,0.98,1,0.093948,0.023654,-0.995296,-0.090559,0.069141,-0.993488,0.002,0.047
3164,316.3,0.98,1,0.070472,0.039257,-0.996741,-0.095449,0.07097,-0.992901,-0.013,0.055
3165,316.4,0.98,1,0.082902,0.025549,-0.99623,-0.09371,0.068947,-0.993209,-0.005,0.047
3166,316.5,0.98,1,0.062488,0.013716,-0.997952,-0.088425,0.089102,-0.99209,-0.013,0.052
3167,316.6,0.98,1,0.086389,0.002372,-0.996259,-0.083275,0.081021,-0.993228,0.002,0.042
3168,316.7,0.98,1,0.055336,0.019503,-0.998277,-0.096865,0.0875,-0.991444,-0.021,0.054
3169,316.8,0.98,1,0.076755,0.026234,-0.996705,-0.103975,0.089348,-0.990559,-0.014,0.058
3170,316.9,0.98,1,0.107706,0.022199,-0.993935,-0.082419,0.026816,-0.996237,0.013,0.025
3171,317.0,0.98,1,0.125201,0.016017,-0.992002,-0.110583,0.095706,-0.989248,0.007,0.056
3172,317.1,0.98,1,0.130844,-0.000571,-0.991403,-0.100472,0.078908,-0.991806,0.015,0.039
3173,317.2,0.98,1,0.11612,0.111676,-0.986937,-0.082273,0.108521,-0.990684,0.017,0.111
3174,317.3,0.98,1,0.109818,0.082438,-0.990527,-0.135362,0.101853,-0.985547,-0.013,0.093
3175,317.4,0.98,1,0.044443,0.060221,-0.997195,-0.090993,0.08811,-0.991946,-0.023,0.074
3176,317.5,0.98,1,0.080646,0.03671,-0.996067,-0.077061,0.071069,-0.99449,0.002,0.054
3177,317.6,0.98,1,0.067429,0.070133,-0.995256,-0.080134,0.111537,-0.990524,-0.006,0.091
3178,317.7,0.98,1,0.08315,0.06998,-0.994077,-0.075742,0.117942,-0.990128,0.004,0.094
3179,317.8,0.98,1,0.06813,0.081299,-0.994358,-0.069453,0.104208,-0.992127,-0.001,0.093
3180,317.9,0.98,1,0.063923,0.070648,-0.995451,-0.05222,0.107139,-0.992872,0.006,0.089
3181,318.0,0.93,1,0.069243,0.054302,-0.996121,-0.139189,0.119629,-0.983013,-0.035,0.088
3182,318.1,0.93,1,0.146889,0.130963,-0.980445,-0.03077,0.031979,-0.999015,0.059,0.082
3183,318.2,0.98,1,0.05126,0.091115,-0.99452,-0.089929,0.114777,-0.989312,-0.019,0.103
3184,318.3,0.98,1,0.03557,0.074362,-0.996597,-0.080643,0.106927,-0.990991,-0.023,0.091
3185,318.4,0.98,1,0.047789,0.067032,-0.996606,-0.111104,0.117622,-0.986824,-0.032,0.093
3186,318.5,0.98,1,0.06525,0.052048,-0.996511,-0.11177,0.117317,-0.986785,-0.023,0.085
3187,318.6,0.98,1,0.051806,0.048325,-0.997487,-0.110869,0.106391,-0.988124,-0.03,0.078
3188,318.7,0.93,1,0.043004,0.040195,-0.998266,-0.080615,0.10139,-0.991575,-0.019,0.071
3189,318.8,0.98,1,0.051543,0.042398,-0.99777,-0.082716,0.109432,-0.990547,-0.016,0.076
3190,318.9,0.98,1,0.044616,0.049762,-0.997764,-0.093796,0.079664,-0.992399,-0.025,0.065
3191,319.0,0.98,1,0.16354,0.137814,-0.976863,-0.067296,0.122641,-0.990167,0.049,0.132
3192,319.1,0.98,1,0.155983,0.066925,-0.98549,-0.113814,0.073911,-0.990749,0.021,0.071
3193,319.2,0.98,1,0.098546,0.068322,-0.992784,-0.114965,0.100452,-0.988277,-0.008,0.085
3194,319.3,0.98,1,0.099997,0.076515,-0.992041,-0.115145,0.102668,-0.988029,-0.008,0.09
3195,319.4,0.93,1,0.087822,0.099473,-0.991157,-0.136896,0.101988,-0.985321,-0.025,0.102
3196,319.5,0.93,1,0.079136,0.020101,-0.996661,-0.115926,0.087875,-0.989363,-0.019,0.054
3197,319.6,0.93,1,0.076107,0.021891,-0.996859,-0.1163,0.087445,-0.989357,-0.02,0.055
3198,319.7,0.98,1,0.079251,0.012267,-0.996779,-0.112742,0.082978,-0.990153,-0.017,0.048
3199,319.8,0.98,1,0.089105,0.02998,-0.995571,-0.113982,0.08719,-0.989649,-0.013,0.059
3200,319.9,0.98,1,0.120976,0.033409,-0.992093,-0.134069,0.088847,-0.986981,-0.007,0.062
3201,320.0,0.98,1,0.096234,0.042233,-0.994462,-0.133306,0.125895,-0.983046,-0.019,0.085
3202,320.1,0.98,1,0.065018,0.094337,-0.993415,-0.15683,0.128921,-0.979175,-0.047,0.113
3203,320.2,0.98,1,0.11126,0.040207,-0.992978,-0.165428,0.102486,-0.980882,-0.027,0.072
3204,320.3,0.98,1,0.076914,0.053149,-0.99562,-0.167637,0.107518,-0.979968,-0.046,0.081
3205,320.4,0.98,1,0.089979,0.040844,-0.995106,-0.176767,0.109544,-0.978138,-0.044,0.076
3206,320.5,0.93,1,0.070295,0.052176,-0.996161,-0.113839,0.103287,-0.988116,-0.022,0.078
3207,320.6,0.93,1,0.132678,0.115603,-0.984394,-0.195963,0.0658,-0.978401,-0.032,0.092
3208,320.7,0.93,1,0.103959,0.040238,-0.993767,-0.082324,0.08498,-0.992976,0.011,0.063
3209,320.8,0.98,1,0.03394,0.064986,-0.997309,-0.131237,0.122331,-0.983774,-0.049,0.094
3210,320.9,0.98,1,0.03968,0.054649,-0.997717,-0.123154,0.110253,-0.986244,-0.042,0.083
3211,321.0,0.98,1,0.068247,0.037309,-0.996971,-0.120616,0.123136,-0.985033,-0.026,0.081
3212,321.1,0.98,1,0.068337,0.035433,-0.997033,-0.128595,0.118061,-0.984645,-0.03,0.077
3213,321.2,0.98,1,0.072909,0.02571,-0.997007,-0.127324,0.1154,-0.985125,-0.027,0.071
3214,321.3,0.98,1,0.064044,0.031344,-0.997455,-0.07211,0.115113,-0.990732,-0.004,0.074
3215,321.4,0.98,1,0.084949,0.064657,-0.994285,-0.104032,0.117115,-0.987654,-0.01,0.091
3216,321.5,0.93,1,0.072791,0.052994,-0.995938,-0.11305,0.122608,-0.985995,-0.02,0.088
3217,321.6,0.98,1,0.086798,0.068807,-0.993847,-0.113507,0.12396,-0.985774,-0.013,0.097
3218,321.7,0.98,1,0.118487,0.148712,-0.981756,-0.129964,0.099178,-0.986546,-0.006,0.125
3219,321.8,0.98,1,0.081409,0.106727,-0.99095,-0.066127,0.112304,-0.991471,0.008,0.11
3220,321.9,0.98,1,0.069094,0.115361,-0.990918,-0.076407,0.115518,-0.990362,-0.004,0.116
3221,322.0,0.98,1,0.076403,0.106998,-0.991319,-0.117283,0.103753,-0.987664,-0.021,0.106
3222,322.1,0.98,1,0.016381,0.060315,-0.998045,-0.12007,0.102757,-0.987433,-0.052,0.082
3223,322.2,0.93,1,0.043167,0.016788,-0.998927,-0.085732,0.09626,-0.991657,-0.021,0.057
3224,322.3,0.93,1,0.048975,0.036575,-0.99813,-0.09439,0.112596,-0.989147,-0.023,0.075
3225,322.4,0.98,1,0.048589,0.035561,-0.998186,-0.100707,0.114231,-0.988337,-0.026,0.075
3226,322.5,0.98,1,0.072503,-0.013889,-0.997271,-0.098655,0.093853,-0.990686,-0.013,0.04
3227,322.6,0.98,1,0.143045,0.091278,-0.985498,-0.12728,0.102636,-0.986542,0.008,0.098
3228,322.7,0.98,1,0.090667,0.082718,-0.99244,-0.07134,0.134912,-0.988286,0.01,0.109
3229,322.8,0.98,1,0.053299,-0.016629,-0.99844,-0.076137,0.056964,-0.995469,-0.011,0.02
3230,322.9,0.98,1,0.058839,3.5e-05,-0.998267,-0.076325,0.083559,-0.993576,-0.009,0.042
3231,323.0,0.98,1,0.042179,-0.018231,-0.998944,-0.07743,0.080685,-0.993728,-0.018,0.031
3232,323.1,0.98,1,0.064631,-0.023007,-0.997644,-0.088035,0.057564,-0.994453,-0.012,0.017
3233,323.2,0.98,1,0.067032,0.010685,-0.997694,-0.079025,0.077638,-0.993845,-0.006,0.044
3234,323.3,0.98,1,0.063057,0.014075,-0.997911,-0.088216,0.073935,-0.993354,-0.013,0.044
3235,323.4,0.98,1,0.13073,0.113277,-0.984925,-0.083113,0.076862,-0.993572,0.024,0.096
3236,323.5,0.98,1,0.085964,0.044231,-0.995316,-0.080999,0.099884,-0.991697,0.002,0.072
3237,323.6,0.98,1,0.049656,0.035806,-0.998124,-0.071451,0.07855,-0.994346,-0.011,0.057
3238,323.7,0.98,1,0.037679,0.028608,-0.99888,-0.047438,0.086225,-0.995146,-0.005,0.058
3239,323.8,0.98,1,0.035684,0.019782,-0.999167,-0.058754,0.084907,-0.994655,-0.012,0.052
3240,323.9,0.98,1,0.023368,-0.000382,-0.999727,-0.075297,0.056415,-0.995564,-0.026,0.028
3241,324.0,0.98,1,0.044275,0.003555,-0.999013,-0.125809,0.066374,-0.989832,-0.041,0.035
3242,324.1,0.98,1,0.138205,0.166756,-0.976264,-0.126457,0.144445,-0.981399,0.006,0.158
3243,324.2,0.98,1,0.100863,0.043246,-0.99396,-0.143001,0.097872,-0.984872,-0.021,0.071
3244,324.3,0.98,1,0.089114,0.04208,-0.995132,-0.11377,0.083185,-0.990019,-0.012,0.063
3245,324.4,0.98,1,0.041881,0.033874,-0.998548,-0.099914,0.071569,-0.992419,-0.029,0.053
3246,324.5,0.98,1,0.06914,0.00576,-0.99759,-0.109983,0.080074,-0.990703,-0.021,0.043
3247,324.6,0.98,1,0.062834,0.014453,-0.997919,-0.10544,0.080211,-0.991186,-0.021,0.048
3248,324.7,0.98,1,0.06557,0.017664,-0.997692,-0.101553,0.085003,-0.991192,-0.018,0.052
3249,324.8,0.98,1,0.064538,0.018462,-0.997744,-0.094178,0.08284,-0.992103,-0.015,0.051
3250,324.9,0.98,1,0.063079,0.010001,-0.997958,-0.098479,0.075897,-0.992241,-0.018,0.043
3251,325.0,0.98,1,0.071092,0.020791,-0.997253,-0.114307,0.060276,-0.991615,-0.022,0.041
3252,325.1,0.98,1,0.055896,0.009624,-0.99839,-0.126648,0.062065,-0.990004,-0.036,0.036
3253,325.2,0.98,1,0.058524,0.022057,-0.998042,-0.100008,0.083138,-0.991507,-0.021,0.053
3254,325.3,0.98,1,0.054573,0.019571,-0.998318,-0.106343,0.073442,-0.991614,-0.026,0.047
3255,325.4,0.98,1,0.04829,0.018661,-0.998659,-0.124982,0.078902,-0.989017,-0.039,0.049
3256,325.5,0.98,1,0.076357,0.013994,-0.996982,-0.0889,0.123157,-0.988397,-0.006,0.069
3257,325.6,0.98,1,0.152376,0.103619,-0.982876,-0.124216,0.124688,-0.98439,0.014,0.116
3258,325.7,0.98,1,0.059797,0.052228,-0.996843,-0.051196,0.10866,-0.99276,0.004,0.081
3259,325.8,0.98,1,0.015755,0.027409,-0.9995,-0.066183,0.090388,-0.993705,-0.025,0.059
3260,325.9,0.98,1,0.04453,0.037738,-0.998295,-0.057464,0.096822,-0.993641,-0.006,0.067
3261,326.0,0.98,1,0.067547,0.055986,-0.996144,-0.143044,0.113728,-0.98316,-0.038,0.086
3262,326.1,0.98,1,0.029815,0.029943,-0.999107,-0.082342,0.134889,-0.987433,-0.026,0.083
3263,326.2,0.98,1,0.029017,0.026644,-0.999224,-0.076218,0.08218,-0.993699,-0.024,0.055
3264,326.3,0.98,1,0.034404,0.056913,-0.997786,-0.164993,0.06907,-0.983873,-0.066,0.063
3265,326.4,0.98,1,0.021437,0.042561,-0.998864,-0.091511,0.058954,-0.994057,-0.035,0.051
3266,326.5,0.98,1,0.13552,0.186363,-0.97309,-0.069382,0.169522,-0.983081,0.034,0.18
3267,326.6,0.98,1,0.062151,0.077048,-0.995088,-0.122199,0.098963,-0.987559,-0.03,0.089
3268,326.7,0.98,1,0.015899,0.050322,-0.998607,-0.099779,0.077708,-0.99197,-0.042,0.064
3269,326.8,0.98,1,0.008622,0.058584,-0.998245,-0.139759,0.087686,-0.986295,-0.066,0.074
3270,326.9,0.98,1,0.005293,0.053167,-0.998572,-0.127619,0.0618,-0.989896,-0.061,0.058
3271,327.0,0.88,1,0.166583,0.124408,-0.978148,-0.169139,0.144964,-0.974873,-0.001,0.137
3272,327.1,0.88,1,0.089443,0.050171,-0.994727,-0.106449,0.088042,-0.990413,-0.009,0.07
3273,327.2,0.93,1,0.094239,0.0306,-0.995079,-0.088964,0.113015,-0.989602,0.003,0.072
3274,327.3,0.88,1,0.042497,-0.003886,-0.999089,-0.146371,0.102988,-0.983854,-0.052,0.05
3275,327.4,0.88,1,0.100814,-0.017334,-0.994754,-0.122295,0.080576,-0.989218,-0.011,0.032
3276,327.5,0.98,1,0.060031,0.050035,-0.996942,-0.146131,0.110553,-0.983068,-0.043,0.081
3277,327.6,0.98,1,0.033819,0.049272,-0.998213,-0.146567,0.100446,-0.984088,-0.057,0.075
3278,327.7,0.98,1,0.03733,0.051075,-0.997997,-0.14101,0.10554,-0.984367,-0.052,0.079
3279,327.8,0.98,1,0.01235,0.044658,-0.998926,-0.168727,0.065146,-0.983508,-0.079,0.055
3280,327.9,0.98,1,0.110312,0.13211,-0.985078,-0.131029,0.055464,-0.989826,-0.01,0.095
3281,328.0,0.98,1,0.069456,0.05531,-0.996051,-0.145941,0.107173,-0.983471,-0.039,0.082
3282,328.1,0.98,1,-0.007067,0.061639,-0.998074,-0.140005,0.090823,-0.985977,-0.074,0.077
3283,328.2,0.98,1,-0.000301,0.049527,-0.998773,-0.145064,0.086172,-0.985663,-0.073,0.068
3284,328.3,0.98,1,0.009759,0.055738,-0.998398,-0.160014,0.102299,-0.981799,-0.076,0.08
3285,328.4,0.98,1,-0.001869,0.114715,-0.993397,-0.084235,0.156814,-0.984029,-0.044,0.136
3286,328.5,0.98,1,0.058739,0.074038,-0.995524,-0.104759,0.123088,-0.986851,-0.023,0.099
3287,328.6,0.98,1,0.05597,0.064703,-0.996334,-0.103625,0.107804,-0.988757,-0.024,0.087
3288,328.7,0.98,1,0.032975,0.02929,-0.999027,-0.10734,0.082781,-0.99077,-0.037,0.056
3289,328.8,0.98,1,0.036435,0.017411,-0.999184,-0.103701,0.087618,-0.990742,-0.034,0.053
3290,328.9,0.98,1,0.044368,0.038884,-0.998258,-0.111748,0.08213,-0.990337,-0.034,0.061
3291,329.0,0.93,1,0.040809,0.040532,-0.998345,-0.124165,0.117045,-0.985334,-0.042,0.079
3292,329.1,0.98,1,0.053559,0.025044,-0.998251,-0.096838,0.095566,-0.990701,-0.022,0.061
3293,329.2,0.98,1,0.047716,0.040181,-0.998052,-0.069203,0.110237,-0.991493,-0.011,0.075
3294,329.3,0.98,1,0.053491,0.053266,-0.997147,-0.071304,0.111163,-0.991241,-0.009,0.083
3295,329.4,0.98,1,0.051056,0.036701,-0.998021,-0.064443,0.131439,-0.989227,-0.007,0.084
3296,329.5,0.98,1,0.042684,0.041463,-0.998228,-0.067491,0.110888,-0.991539,-0.012,0.076
3297,329.6,0.98,1,0.05951,0.03493,-0.997616,-0.057917,0.127637,-0.990129,0.001,0.082
3298,329.7,0.98,1,0.043138,0.04781,-0.997925,-0.064585,0.126671,-0.98984,-0.011,0.088
3299,329.8,0.98,1,0.052264,0.046051,-0.997571,-0.070495,0.141045,-0.98749,-0.009,0.094
3300,329.9,0.98,1,0.133682,0.168357,-0.976619,-0.120916,0.167076,-0.978501,0.007,0.17
3301,330.0,0.98,1,0.082933,0.086143,-0.992825,-0.130511,0.146906,-0.980503,-0.024,0.118
3302,330.1,0.98,1,0.079554,0.102551,-0.991541,-0.121865,0.130989,-0.983865,-0.021,0.118
3303,330.2,0.98,1,0.071982,0.108677,-0.991468,-0.139171,0.131759,-0.981464,-0.034,0.121
3304,330.3,0.98,1,0.075846,0.048677,-0.995931,-0.126554,0.12138,-0.984505,-0.026,0.086
3305,330.4,0.93,1,0.100635,0.043294,-0.993981,-0.111055,0.101855,-0.988581,-0.005,0.073
3306,330.5,0.98,1,0.078241,0.030506,-0.996468,-0.117888,0.091711,-0.988783,-0.02,0.061
3307,330.6,0.98,1,0.062191,0.032534,-0.997534,-0.147548,0.085019,-0.985394,-0.043,0.059
3308,330.7,0.98,1,0.069736,0.024608,-0.997262,-0.099971,0.101545,-0.989795,-0.015,0.063
3309,330.8,0.98,1,0.082843,0.020595,-0.99635,-0.17207,0.118739,-0.977902,-0.045,0.07
3310,330.9,0.98,1,0.053264,0.042228,-0.997687,-0.140473,0.124352,-0.982244,-0.044,0.084
3311,331.0,0.98,1,0.106958,5.1e-05,-0.994264,-0.057877,0.082914,-0.994875,0.025,0.042
3312,331.1,0.98,1,0.061517,0.014256,-0.998004,-0.078679,0.070575,-0.994399,-0.009,0.043
3313,331.2,0.98,1,0.074588,-0.005093,-0.997201,-0.08175,0.07159,-0.994078,-0.004,0.033
3314,331.3,0.98,1,0.180541,0.1833,-0.966336,-0.066701,0.226028,-0.971834,0.059,0.208
3315,331.4,0.98,1,0.137204,0.070691,-0.988017,-0.078307,0.150806,-0.985457,0.03,0.112
3316,331.5,0.98,1,0.051624,0.018607,-0.998493,-0.133438,0.121376,-0.983597,-0.041,0.071
3317,331.6,0.98,1,0.036461,0.016372,-0.999201,-0.083366,0.103779,-0.9911,-0.024,0.06
3318,331.7,0.93,1,0.144804,0.091699,-0.985202,-0.097084,0.152236,-0.983564,0.024,0.123
3319,331.8,0.98,1,0.186744,0.109227,-0.976318,-0.148516,0.181398,-0.972131,0.02,0.148
3320,331.9,0.98,1,0.055297,0.051364,-0.997148,-0.035413,0.135252,-0.990178,0.01,0.094
3321,332.0,0.98,1,0.127402,0.000196,-0.991851,-0.049782,0.090439,-0.994657,0.039,0.046
3322,332.1,0.98,1,0.126223,0.007365,-0.991975,-0.03615,0.099446,-0.994386,0.045,0.054
3323,332.2,0.98,1,0.133806,0.005298,-0.990993,-0.038487,0.095253,-0.994709,0.048,0.051
3324,332.3,0.98,1,0.125676,-0.032532,-0.991538,-0.059841,0.084548,-0.994621,0.033,0.026
3325,332.4,0.98,1,0.089267,-0.003481,-0.996002,-0.106893,0.07924,-0.991108,-0.009,0.038
3326,332.5,0.98,1,0.101932,0.004905,-0.994779,-0.113846,0.072105,-0.990878,-0.006,0.039
3327,332.6,0.98,1,0.09461,0.011531,-0.995448,-0.099164,0.086844,-0.991274,-0.002,0.049
3328,332.7,0.98,1,0.068576,0.053424,-0.996214,-0.076735,0.071568,-0.99448,-0.004,0.063
3329,332.8,0.98,1,0.114622,0.067659,-0.991103,-0.06511,0.090989,-0.993721,0.025,0.08
3330,332.9,0.98,1,0.034941,0.034527,-0.998793,-0.066368,0.091782,-0.993565,-0.016,0.063
3331,333.0,0.98,1,0.082619,-0.015203,-0.996465,-0.067608,0.130079,-0.989196,0.008,0.058
3332,333.1,0.98,1,0.076096,-0.000582,-0.9971,-0.067769,0.127768,-0.989486,0.004,0.064
3333,333.2,0.98,1,0.082698,-0.01211,-0.996501,-0.079358,0.124945,-0.988985,0.002,0.057
3334,333.3,0.98,1,0.090727,-0.012618,-0.995796,-0.097103,0.114144,-0.988707,-0.003,0.051
3335,333.4,0.98,1,0.050259,-0.004751,-0.998725,-0.083996,0.113447,-0.989987,-0.017,0.055
3336,333.5,0.98,1,0.060697,-0.007805,-0.998126,-0.09505,0.114703,-0.988842,-0.017,0.054
3337,333.6,0.98,1,0.052125,0.005102,-0.998627,-0.077432,0.136816,-0.987566,-0.013,0.071
3338,333.7,0.98,1,0.032341,0.019282,-0.999291,-0.072143,0.126747,-0.989308,-0.02,0.073
3339,333.8,0.98,1,0.024016,0.027719,-0.999327,-0.105178,0.123216,-0.98679,-0.041,0.076
3340,333.9,0.98,1,0.057672,0.066012,-0.996151,-0.100046,0.123544,-0.987283,-0.021,0.095
3341,334.0,0.98,1,0.184303,0.158302,-0.970037,-0.091717,0.10053,-0.990698,0.047,0.131
3342,334.1,0.98,1,0.114459,0.099266,-0.988456,-0.066569,0.123156,-0.990152,0.024,0.112
3343,334.2,0.93,1,0.123805,0.088192,-0.98838,-0.03268,0.108116,-0.993601,0.046,0.099
3344,334.3,0.98,1,0.113837,0.099768,-0.988477,-0.076853,0.111866,-0.990747,0.019,0.107
3345,334.4,0.98,1,0.122833,0.05073,-0.99113,-0.068162,0.09076,-0.993537,0.028,0.071
3346,334.5,0.98,1,0.068615,0.035036,-0.997028,-0.108102,0.11156,-0.987861,-0.02,0.074
3347,334.6,0.98,1,0.077064,0.00779,-0.996996,-0.069477,0.098517,-0.992707,0.004,0.053
3348,334.7,0.98,1,0.09712,0.062276,-0.993322,-0.122879,0.110131,-0.986292,-0.013,0.087
3349,334.8,0.98,1,0.084705,0.071472,-0.993839,-0.113149,0.123937,-0.985818,-0.014,0.098
3350,334.9,0.98,1,0.089946,0.058811,-0.994209,-0.140945,0.104224,-0.984516,-0.026,0.082
3351,335.0,0.98,1,0.073594,0.070927,-0.994763,-0.112064,0.101652,-0.988488,-0.019,0.087
3352,335.1,0.93,1,0.078921,0.042412,-0.995978,-0.114425,0.106835,-0.987671,-0.018,0.075
3353,335.2,0.98,1,0.086837,0.034668,-0.995619,-0.109008,0.109259,-0.988018,-0.011,0.072
3354,335.3,0.98,1,0.08374,0.034185,-0.995901,-0.098254,0.124823,-0.987302,-0.007,0.08
3355,335.4,0.98,1,0.082217,0.02864,-0.996203,-0.109864,0.13224,-0.98511,-0.014,0.081
3356,335.5,0.98,1,0.077829,0.024597,-0.996663,-0.095353,0.086447,-0.991683,-0.009,0.056
3357,335.6,0.98,1,0.052544,0.078455,-0.995532,0.050265,0.025683,-0.998406,0.052,0.052
3358,335.7,0.98,1,0.013396,0.0936,-0.99552,0.04106,0.024627,-0.998853,0.027,0.059
3359,335.8,0.98,1,0.081392,0.0836,-0.99317,-0.049163,0.108044,-0.99293,0.016,0.096
3360,335.9,0.98,1,0.100007,0.064402,-0.9929,-0.041573,0.073732,-0.996411,0.029,0.069
3361,336.0,0.98,1,0.102597,0.019796,-0.994526,-0.103558,0.124197,-0.986839,-0.0,0.073
3362,336.1,0.98,1,0.109579,0.021427,-0.993747,-0.088456,0.141053,-0.986042,0.011,0.082
3363,336.2,0.98,1,0.101991,0.03414,-0.994199,-0.096913,0.13889,-0.985554,0.003,0.087
3364,336.3,0.98,1,0.096491,0.031785,-0.994826,-0.097693,0.146609,-0.984359,-0.001,0.09
3365,336.4,0.98,1,0.105654,0.033978,-0.993822,-0.088042,0.135366,-0.986876,0.009,0.085
3366,336.5,0.93,1,0.112717,0.177481,-0.977648,-0.060535,0.21951,-0.97373,0.027,0.201
3367,336.6,0.93,1,0.145098,0.193065,-0.970398,-0.183334,0.237498,-0.95393,-0.02,0.22
3368,336.7,0.98,1,0.170058,0.158699,-0.972571,-0.25363,0.191872,-0.948081,-0.043,0.181
3369,336.8,0.98,1,0.118432,0.114569,-0.98633,-0.063897,0.150954,-0.986474,0.028,0.134
3370,336.9,0.98,1,0.108945,0.035823,-0.993402,-0.064204,0.125867,-0.989967,0.023,0.081
3371,337.0,0.98,1,0.09954,0.012967,-0.994949,-0.062036,0.14724,-0.987153,0.019,0.081
3372,337.1,0.98,1,0.084208,0.007057,-0.996423,-0.080464,0.122181,-0.989241,0.002,0.065
3373,337.2,0.98,1,0.09329,0.058346,-0.993928,-0.104644,0.134178,-0.985417,-0.006,0.097
3374,337.3,0.98,1,0.081516,0.042906,-0.995748,-0.079473,0.118475,-0.989771,0.001,0.081
3375,337.4,0.98,1,0.06669,0.045463,-0.996737,-0.03841,0.106144,-0.993609,0.014,0.076
3376,337.5,0.98,1,0.074944,0.010512,-0.997132,-0.171924,0.102344,-0.979779,-0.049,0.057
3377,337.6,0.98,1,0.070164,0.012592,-0.997456,-0.171796,0.089572,-0.981052,-0.051,0.052
3378,337.7,0.98,1,0.073545,0.000439,-0.997292,-0.172384,0.105262,-0.979389,-0.05,0.053
3379,337.8,0.93,1,0.083056,0.001043,-0.996544,-0.168167,0.108245,-0.979797,-0.043,0.055
3380,337.9,0.98,1,0.066572,0.022441,-0.997529,-0.156864,0.112335,-0.981211,-0.046,0.068
3381,338.0,0.98,1,0.090698,0.012365,-0.995802,-0.167861,0.098628,-0.980865,-0.039,0.056
3382,338.1,0.98,1,0.069805,0.030863,-0.997083,-0.17745,0.118454,-0.976975,-0.054,0.075
3383,338.2,0.98,1,0.132979,0.147887,-0.980023,-0.093496,0.148753,-0.984444,0.02,0.15
3384,338.3,0.98,1,0.096217,0.067867,-0.993044,-0.116625,0.106833,-0.987413,-0.01,0.088
3385,338.4,0.98,1,0.081593,0.07851,-0.993569,-0.116558,0.11412,-0.986606,-0.018,0.097
3386,338.5,0.98,1,0.17382,0.162727,-0.97124,-0.072568,0.192191,-0.978671,0.052,0.18
3387,338.6,0.98,1,0.108,0.138656,-0.984434,-0.072566,0.117954,-0.990364,0.018,0.129
3388,338.7,0.98,1,0.086565,0.055862,-0.994679,-0.113812,0.107965,-0.987619,-0.014,0.082
3389,338.8,0.98,1,0.099229,0.028923,-0.994644,-0.109574,0.089088,-0.989978,-0.005,0.059
3390,338.9,0.98,1,0.086765,0.052896,-0.994823,-0.113643,0.098042,-0.988672,-0.014,0.076
3391,339.0,0.98,1,0.071686,0.046044,-0.996364,-0.101163,0.099796,-0.989852,-0.015,0.073
3392,339.1,0.98,1,0.073137,0.016216,-0.99719,-0.098309,0.086656,-0.991376,-0.013,0.052
3393,339.2,0.98,1,0.091709,0.028718,-0.995372,-0.087621,0.114967,-0.989497,0.002,0.072
3394,339.3,0.98,1,0.084615,0.032051,-0.995898,-0.063882,0.103992,-0.992525,0.01,0.068
3395,339.4,0.98,1,0.024297,-0.007005,-0.99968,-0.104652,0.083643,-0.990985,-0.04,0.038
3396,339.5,0.98,1,0.027017,0.000831,-0.999635,-0.085893,0.086154,-0.992572,-0.03,0.044
3397,339.6,0.98,1,0.076839,0.03189,-0.996533,-0.055812,0.093225,-0.99408,0.011,0.063
3398,339.7,0.98,1,0.091322,0.009624,-0.995775,-0.053037,0.075465,-0.995737,0.019,0.043
3399,339.8,0.93,1,0.086566,0.008925,-0.996206,-0.067254,0.076806,-0.994775,0.01,0.043
3400,339.9,0.98,1,0.067427,0.01875,-0.997548,-0.061316,0.076435,-0.995187,0.003,0.048
3401,340.0,0.98,1,0.081413,0.00132,-0.99668,-0.077873,0.092642,-0.99265,0.002,0.047
3402,340.1,0.98,1,0.076001,0.008273,-0.997073,-0.081923,0.099445,-0.991665,-0.003,0.054
3403,340.2,0.98,1,0.172422,0.182126,-0.96804,-0.100132,0.231189,-0.967742,0.037,0.21
3404,340.3,0.98,1,0.160811,0.129055,-0.978511,-0.069535,0.103241,-0.992223,0.046,0.117
3405,340.4,0.98,1,0.172378,0.057683,-0.983341,-0.080877,0.135335,-0.987493,0.046,0.098
3406,340.5,0.98,1,0.10827,0.055609,-0.992565,-0.122322,0.109571,-0.986424,-0.007,0.083
3407,340.6,0.98,1,0.105076,0.056571,-0.992854,-0.080075,0.116851,-0.989916,0.013,0.087
3408,340.7,0.98,1,0.069895,0.069535,-0.995128,-0.142375,0.112317,-0.98342,-0.037,0.092
3409,340.8,0.93,1,0.069949,0.051133,-0.996239,-0.148246,0.098527,-0.98403,-0.04,0.075
3410,340.9,0.98,1,0.081543,0.053964,-0.995208,-0.13048,0.069602,-0.989005,-0.025,0.062
3411,341.0,0.93,1,0.091465,0.157109,-0.983337,-0.136708,0.251282,-0.958211,-0.023,0.207
3412,341.1,0.98,1,0.076897,0.158191,-0.98441,-0.136329,0.165599,-0.976725,-0.03,0.164
3413,341.2,0.98,1,0.120582,0.132227,-0.983858,-0.198525,0.180758,-0.963283,-0.04,0.159
3414,341.3,0.98,1,0.11855,0.152177,-0.981218,-0.193427,0.115088,-0.974341,-0.038,0.136
3415,341.4,0.93,1,0.182648,0.09877,-0.978205,-0.173768,0.076493,-0.981811,0.005,0.089
3416,341.5,0.98,1,0.135678,0.07174,-0.988152,-0.111637,0.103943,-0.988298,0.012,0.089
3417,341.6,0.98,1,0.137524,0.057462,-0.98883,-0.13218,0.138283,-0.981533,0.003,0.099
3418,341.7,0.98,1,0.131156,0.056256,-0.989764,-0.139577,0.145016,-0.979535,-0.004,0.102
3419,341.8,0.98,1,0.158774,0.054562,-0.985806,-0.130769,0.143009,-0.981044,0.014,0.1
3420,341.9,0.98,1,0.130813,0.059887,-0.989597,-0.134951,0.127726,-0.982585,-0.002,0.095
3421,342.0,0.98,1,0.093847,0.011926,-0.995515,-0.110713,0.095322,-0.989271,-0.008,0.054
3422,342.1,0.98,1,0.093169,0.004607,-0.99564,-0.099054,0.087203,-0.991254,-0.003,0.046
3423,342.2,0.98,1,0.099013,0.017719,-0.994928,-0.104571,0.119667,-0.987292,-0.003,0.069
3424,342.3,0.98,1,0.105141,0.024976,-0.994144,-0.122399,0.13475,-0.983291,-0.009,0.081
3425,342.4,0.98,1,0.080881,0.028845,-0.996306,-0.172817,0.122777,-0.977272,-0.047,0.077
3426,342.5,0.98,1,0.095293,0.041301,-0.994592,-0.158689,0.100666,-0.982183,-0.032,0.072
3427,342.6,0.98,1,0.098618,0.05955,-0.993342,-0.126976,0.091889,-0.98764,-0.014,0.076
3428,342.7,0.98,1,0.088272,0.06052,-0.994256,-0.112688,0.084704,-0.990013,-0.012,0.073
3429,342.8,0.98,1,0.091033,0.056928,-0.994219,-0.124666,0.067477,-0.989902,-0.017,0.063
3430,342.9,0.98,1,0.080886,0.065957,-0.994539,-0.131393,0.081555,-0.98797,-0.025,0.074
3431,343.0,0.98,1,0.071446,0.097221,-0.992695,-0.101917,0.132975,-0.985865,-0.015,0.116
3432,343.1,0.98,1,0.059522,0.106722,-0.992506,-0.097746,0.125162,-0.98731,-0.019,0.117
3433,343.2,0.98,1,0.082499,0.076175,-0.993676,-0.171067,0.087464,-0.98137,-0.045,0.083
3434,343.3,0.93,1,0.076666,0.109871,-0.990985,-0.101388,0.123802,-0.987114,-0.012,0.118
3435,343.4,0.98,1,0.039608,0.118733,-0.992136,-0.126353,0.120903,-0.98459,-0.044,0.121
3436,343.5,0.98,1,0.078227,0.077235,-0.993939,-0.096194,0.159694,-0.982469,-0.009,0.119
3437,343.6,0.98,1,0.085803,0.069435,-0.99389,-0.087037,0.133824,-0.987176,-0.001,0.102
3438,343.7,0.98,1,0.062218,0.055687,-0.996508,-0.098795,0.124194,-0.987327,-0.018,0.09
3439,343.8,0.98,1,0.057716,0.049368,-0.997112,-0.096338,0.132634,-0.986472,-0.019,0.091
3440,343.9,0.98,1,0.045776,0.065637,-0.996793,-0.107072,0.134027,-0.985176,-0.031,0.1
3441,344.0,0.98,1,0.154975,0.146495,-0.976996,-0.094795,0.069369,-0.993077,0.031,0.109
3442,344.1,0.98,1,0.177349,0.114125,-0.977508,-0.094259,0.15813,-0.982909,0.042,0.138
3443,344.2,0.98,1,0.106034,0.125484,-0.986413,-0.118448,0.176539,-0.977141,-0.006,0.153
3444,344.3,0.98,1,0.117712,0.124739,-0.985182,-0.11181,0.166724,-0.979644,0.003,0.147
3445,344.4,0.98,1,0.188428,0.107849,-0.976147,-0.046221,0.149246,-0.987719,0.072,0.13
3446,344.5,0.98,1,0.119551,0.079234,-0.989661,-0.09545,0.066704,-0.993197,0.012,0.073
3447,344.6,0.98,1,0.069272,0.070857,-0.995078,-0.106587,0.109241,-0.988284,-0.019,0.091
3448,344.7,0.93,1,0.047399,0.075876,-0.99599,-0.10909,0.08131,-0.990701,-0.031,0.079
3449,344.8,0.98,1,0.046098,0.052081,-0.997578,-0.11295,0.058468,-0.991879,-0.034,0.056
3450,344.9,0.98,1,0.057031,0.048109,-0.997213,-0.124692,0.069132,-0.989784,-0.034,0.059
3451,345.0,0.98,1,0.07926,0.038539,-0.996109,-0.163469,0.091851,-0.982263,-0.043,0.066
3452,345.1,0.98,1,0.088585,0.034508,-0.995471,-0.16409,0.09233,-0.982115,-0.038,0.064
3453,345.2,0.98,1,0.069224,0.084847,-0.993986,-0.159539,0.092864,-0.982814,-0.046,0.09
3454,345.3,0.98,1,0.060351,0.029741,-0.997734,-0.092931,0.023829,-0.995387,-0.016,0.027
3455,345.4,0.98,1,0.069604,0.014079,-0.997475,-0.094723,0.023663,-0.995222,-0.013,0.019
3456,345.5,0.98,1,0.066783,0.022078,-0.997523,-0.076283,0.017287,-0.996936,-0.005,0.02
3457,345.6,0.98,1,0.071664,0.012451,-0.997351,-0.101205,0.025692,-0.994534,-0.015,0.019
3458,345.7,0.98,1,0.088605,0.017085,-0.99592,-0.103805,0.040422,-0.993776,-0.008,0.029
3459,345.8,0.98,1,0.07816,0.023488,-0.996664,-0.095247,0.049499,-0.994222,-0.009,0.037
3460,345.9,0.98,1,0.071035,0.026118,-0.997132,-0.093384,0.046564,-0.994541,-0.011,0.036
3461,346.0,0.98,1,0.068229,0.032072,-0.997154,-0.067951,0.055138,-0.996164,0.0,0.044
3462,346.1,0.98,1,0.062928,0.04007,-0.997213,-0.081125,0.064926,-0.994587,-0.009,0.053
3463,346.2,0.98,1,0.071433,0.024416,-0.997147,-0.074676,0.050125,-0.995947,-0.002,0.037
3464,346.3,0.98,1,0.066219,0.0323,-0.997282,-0.07436,0.072968,-0.994558,-0.004,0.053
3465,346.4,0.98,1,0.072522,0.035264,-0.996743,-0.054932,0.054603,-0.996996,0.009,0.045
3466,346.5,0.98,1,0.195327,0.101134,-0.97551,-0.080645,0.065544,-0.994586,0.058,0.084
3467,346.6,0.98,1,0.110386,0.050863,-0.992587,-0.106969,0.069981,-0.991796,0.002,0.061
3468,346.7,0.98,1,0.072734,0.063391,-0.995335,-0.095236,0.100896,-0.990328,-0.011,0.083
3469,346.8,0.98,1,0.10252,0.044046,-0.993755,-0.054685,0.116718,-0.991658,0.024,0.081
3470,346.9,0.98,1,0.122341,0.029665,-0.992045,-0.088946,0.111788,-0.989743,0.017,0.071
3471,347.0,0.98,1,0.067546,-0.028245,-0.997316,-0.12364,0.09939,-0.987337,-0.028,0.036
3472,347.1,0.98,1,0.054713,-0.005426,-0.998487,-0.141398,0.111138,-0.983695,-0.044,0.053
3473,347.2,0.98,1,0.054197,0.003136,-0.998525,-0.091189,0.091996,-0.991575,-0.019,0.048
3474,347.3,0.98,1,0.080223,0.011089,-0.996715,-0.096833,0.10859,-0.989359,-0.008,0.06
3475,347.4,0.98,1,0.07192,0.032186,-0.996891,-0.109506,0.119321,-0.986798,-0.019,0.076
3476,347.5,0.98,1,0.088125,0.034026,-0.995528,-0.0941,0.123188,-0.987912,-0.003,0.079
3477,347.6,0.98,1,0.090561,0.068803,-0.993511,-0.111606,0.121171,-0.986338,-0.011,0.096
3478,347.7,0.98,1,0.147473,0.172093,-0.973979,-0.122743,0.150612,-0.980943,0.013,0.164
3479,347.8,0.98,1,0.139736,0.094391,-0.98568,-0.090552,0.162523,-0.982541,0.025,0.13
3480,347.9,0.98,1,0.077611,0.096197,-0.992332,-0.050974,0.175632,-0.983135,0.013,0.137
3481,348.0,0.98,1,0.129233,0.019117,-0.99143,-0.082935,0.134496,-0.987437,0.023,0.077
3482,348.1,0.98,1,0.112738,0.011236,-0.993561,-0.072899,0.111445,-0.991093,0.02,0.062
3483,348.2,0.98,1,0.111735,0.092626,-0.989412,-0.134814,0.096226,-0.986188,-0.012,0.095
3484,348.3,0.98,1,0.129342,0.086019,-0.987862,-0.125023,0.132469,-0.983271,0.002,0.11
3485,348.4,0.98,1,0.114263,0.071633,-0.990865,-0.109558,0.083791,-0.990442,0.002,0.078
3486,348.5,0.98,1,0.136014,0.174812,-0.975162,-0.147574,0.215545,-0.965278,-0.006,0.199
3487,348.6,0.98,1,0.118973,0.085117,-0.989242,-0.09374,0.144054,-0.98512,0.013,0.116
3488,348.7,0.98,1,0.114724,0.083025,-0.989922,-0.101792,0.115078,-0.988127,0.007,0.1
3489,348.8,0.93,1,0.108469,0.079302,-0.990932,-0.051746,0.130168,-0.990141,0.029,0.105
3490,348.9,0.98,1,0.103946,0.052507,-0.993196,-0.092458,0.115427,-0.989004,0.006,0.085
3491,349.0,0.98,1,0.097162,0.069325,-0.992851,-0.096824,0.081438,-0.991964,0.0,0.076
3492,349.1,0.98,1,0.100026,0.097281,-0.990218,-0.103319,0.118451,-0.98757,-0.002,0.109
3493,349.2,0.98,1,0.08122,0.099949,-0.991672,-0.129897,0.11095,-0.9853,-0.025,0.106
3494,349.3,0.98,1,0.095864,0.073153,-0.992703,-0.120477,0.092431,-0.988404,-0.012,0.083
3495,349.4,0.98,1,0.071309,0.074599,-0.994661,-0.127653,0.100762,-0.986687,-0.028,0.088
3496,349.5,0.98,1,0.095455,0.054436,-0.993944,-0.158194,0.13743,-0.977797,-0.032,0.097
3497,349.6,0.98,1,0.094791,0.05045,-0.994218,-0.148445,0.108012,-0.983004,-0.027,0.08
3498,349.7,0.98,1,0.07418,0.024894,-0.996934,-0.148645,0.074088,-0.986111,-0.038,0.05
3499,349.8,0.98,1,0.076554,0.035397,-0.996437,-0.14859,0.081351,-0.985547,-0.036,0.059
3500,349.9,0.98,1,0.07975,0.038415,-0.996074,-0.15495,0.077823,-0.984852,-0.038,0.059
3501,350.0,0.98,1,0.075726,0.008728,-0.99709,-0.134399,0.080304,-0.987668,-0.03,0.045
3502,350.1,0.98,1,0.037971,0.018074,-0.999115,-0.136833,0.095452,-0.985985,-0.05,0.057
3503,350.2,0.98,1,0.068435,-0.001001,-0.997655,-0.179784,0.090439,-0.97954,-0.056,0.045
3504,350.3,0.98,1,0.081767,-3e-06,-0.996651,-0.168941,0.101902,-0.980344,-0.044,0.051
3505,350.4,0.98,1,0.058416,0.002347,-0.99829,-0.172408,0.071751,-0.982409,-0.057,0.037
3506,350.5,0.98,1,0.074378,-0.001133,-0.99723,-0.167233,0.083978,-0.982334,-0.047,0.042
3507,350.6,0.98,1,0.066183,0.010068,-0.997757,-0.181007,0.086615,-0.97966,-0.058,0.049
3508,350.7,0.93,1,0.056439,0.011394,-0.998341,-0.16045,0.074705,-0.984213,-0.052,0.043
3509,350.8,0.93,1,0.114365,0.041387,-0.992576,-0.140977,0.100796,-0.984868,-0.013,0.072
3510,350.9,0.93,1,0.103449,0.035751,-0.993992,-0.137324,0.1275,-0.982286,-0.017,0.082
3511,351.0,0.98,1,0.149352,0.018788,-0.988606,-0.105438,0.086035,-0.990697,0.022,0.053
3512,351.1,0.98,1,0.062761,0.059453,-0.996256,-0.128285,0.0677,-0.989424,-0.033,0.064
3513,351.2,0.98,1,0.087927,0.070513,-0.993628,-0.131647,0.067259,-0.989012,-0.022,0.069
3514,351.3,0.98,1,0.078876,0.074999,-0.994059,-0.161608,0.105602,-0.981189,-0.042,0.091
3515,351.4,0.98,1,0.082604,0.059168,-0.994824,-0.172041,0.112453,-0.97865,-0.045,0.087
3516,351.5,0.98,1,0.048619,0.045818,-0.997766,-0.154573,0.114359,-0.981341,-0.053,0.081
3517,351.6,0.93,1,-0.0245,0.057394,-0.998051,-0.198094,0.141115,-0.969972,-0.113,0.101
3518,351.7,0.93,1,-0.070639,0.067881,-0.99519,-0.290603,0.116454,-0.949731,-0.184,0.094
3519,351.8,0.98,1,-0.109822,0.030179,-0.993493,-0.272669,0.074496,-0.959219,-0.193,0.054
3520,351.9,0.98,1,-0.038416,0.000542,-0.999262,-0.354794,0.126225,-0.926385,-0.201,0.066
3521,352.0,0.98,1,-0.060806,0.060345,-0.996324,-0.345981,0.177976,-0.921207,-0.209,0.124
3522,352.1,0.98,1,0.055816,0.201957,-0.977803,-0.160476,0.186462,-0.969267,-0.054,0.197
3523,352.2,0.98,1,0.047487,0.155666,-0.986668,-0.147616,0.153483,-0.977063,-0.051,0.156
3524,352.3,0.98,1,0.007457,0.147772,-0.988993,-0.21602,0.16023,-0.963152,-0.106,0.156
3525,352.4,0.98,1,0.038876,0.095494,-0.994671,-0.208859,0.069142,-0.975499,-0.086,0.083
3526,352.5,0.98,1,0.045552,0.118482,-0.991911,-0.110472,0.099444,-0.988892,-0.033,0.11
3527,352.6,0.93,1,0.08177,0.255649,-0.963305,-0.183478,0.20739,-0.960898,-0.053,0.236
3528,352.7,0.93,1,0.112311,0.304438,-0.945888,-0.078888,0.283732,-0.955653,0.018,0.3
3529,352.8,0.93,1,0.123577,0.263038,-0.956838,-0.10465,0.231087,-0.967289,0.01,0.251
3530,352.9,0.93,1,0.125469,0.228062,-0.965528,-0.112069,0.184745,-0.976376,0.007,0.209
3531,353.0,0.93,1,0.122671,0.221452,-0.967425,-0.078557,0.227369,-0.970635,0.023,0.228
3532,353.1,0.93,1,0.123101,0.224904,-0.966574,-0.066603,0.231714,-0.970501,0.029,0.231
3533,353.2,0.93,1,0.127915,0.219814,-0.967119,-0.092059,0.217183,-0.97178,0.018,0.222
3534,353.3,0.93,1,0.113491,0.242322,-0.963535,-0.08365,0.239598,-0.967262,0.015,0.245
3535,353.4,0.93,1,0.103235,0.277468,-0.955172,-0.136662,0.25083,-0.958336,-0.017,0.269
3536,353.5,0.93,1,0.142866,0.255653,-0.956154,-0.158588,0.258805,-0.952822,-0.008,0.263
3537,353.6,0.93,1,0.073411,0.260021,-0.962808,-0.131554,0.233143,-0.963503,-0.03,0.251
3538,353.7,0.93,1,0.091821,0.262041,-0.960679,-0.123398,0.200668,-0.971857,-0.016,0.235
3539,353.8,0.93,1,0.114026,0.260505,-0.958715,-0.144056,0.201735,-0.968788,-0.016,0.235
3540,353.9,0.98,1,0.128199,0.221013,-0.966808,-0.147879,0.162757,-0.975521,-0.01,0.195
3541,354.0,0.93,1,0.087184,0.215257,-0.972658,-0.091928,0.158605,-0.983053,-0.002,0.189
