GazePointLeftX (ADCSpx),GazePointLeftY (ADCSpx),GazePointRightX (ADCSpx),GazePointRightY (ADCSpx),GazePointX (ADCSpx),GazePointY (ADCSpx),PupilLeft,PupilRight,ValidityLeft,ValidityRight
373.0,541.0,384.0,537.0,378.0,539.0,2.51,2.64,0.0,0.0
374.0,545.0,373.0,541.0,373.0,543.0,-1.0,-1.0,0.0,0.0
381.0,515.0,375.0,562.0,378.0,538.0,-1.0,-1.0,0.0,0.0
384.0,544.0,379.0,576.0,381.0,560.0,2.57,2.73,0.0,0.0
385.0,553.0,379.0,576.0,382.0,564.0,-1.0,-1.0,0.0,0.0
376.0,563.0,376.0,563.0,376.0,563.0,-1.0,-1.0,0.0,0.0
389.0,557.0,366.0,552.0,377.0,554.0,2.63,2.64,0.0,0.0
383.0,548.0,359.0,568.0,371.0,558.0,-1.0,-1.0,0.0,0.0
378.0,539.0,390.0,526.0,384.0,532.0,-1.0,-1.0,0.0,0.0
373.0,535.0,380.0,521.0,376.0,528.0,2.58,2.57,0.0,0.0
373.0,539.0,380.0,521.0,376.0,530.0,-1.0,-1.0,0.0,0.0
375.0,538.0,382.0,537.0,378.0,537.0,-1.0,-1.0,0.0,0.0
370.0,536.0,395.0,543.0,382.0,539.0,2.58,2.69,0.0,0.0
375.0,537.0,432.0,523.0,403.0,530.0,-1.0,-1.0,0.0,0.0
399.0,521.0,399.0,521.0,399.0,521.0,-1.0,-1.0,0.0,0.0
378.0,533.0,387.0,573.0,382.0,553.0,2.62,2.71,0.0,0.0
375.0,534.0,375.0,548.0,375.0,541.0,-1.0,-1.0,0.0,0.0
377.0,527.0,369.0,531.0,373.0,529.0,-1.0,-1.0,0.0,0.0
378.0,534.0,363.0,516.0,370.0,525.0,2.58,2.62,0.0,0.0
383.0,537.0,360.0,532.0,371.0,534.0,-1.0,-1.0,0.0,0.0
395.0,516.0,395.0,516.0,395.0,516.0,-1.0,-1.0,0.0,0.0
386.0,521.0,393.0,528.0,389.0,524.0,2.55,2.69,0.0,0.0
385.0,528.0,382.0,545.0,383.0,536.0,-1.0,-1.0,0.0,0.0
394.0,556.0,402.0,544.0,398.0,550.0,-1.0,-1.0,0.0,0.0
435.0,557.0,458.0,519.0,446.0,538.0,2.59,2.45,0.0,0.0
485.0,532.0,485.0,532.0,485.0,532.0,-1.0,-1.0,0.0,0.0
540.0,523.0,539.0,473.0,539.0,498.0,-1.0,-1.0,0.0,0.0
547.0,501.0,556.0,498.0,551.0,499.0,2.48,2.61,0.0,0.0
550.0,506.0,542.0,509.0,546.0,507.0,-1.0,-1.0,0.0,0.0
-1.0,-1.0,-1.0,-1.0,-1.0,-1.0,-1.0,-1.0,-1.0,-1.0
552.0,512.0,548.0,508.0,550.0,510.0,2.52,2.61,0.0,0.0
554.0,522.0,563.0,497.0,558.0,509.0,-1.0,-1.0,0.0,0.0
608.0,499.0,608.0,499.0,608.0,499.0,-1.0,-1.0,0.0,0.0
534.0,518.0,599.0,546.0,566.0,532.0,2.47,2.65,0.0,0.0
535.0,518.0,609.0,511.0,572.0,514.0,-1.0,-1.0,0.0,0.0
552.0,529.0,552.0,529.0,552.0,529.0,-1.0,-1.0,0.0,0.0
555.0,530.0,602.0,497.0,578.0,513.0,2.49,2.6,0.0,0.0
557.0,517.0,582.0,499.0,569.0,508.0,-1.0,-1.0,0.0,0.0
566.0,514.0,598.0,501.0,582.0,507.0,-1.0,-1.0,0.0,0.0
567.0,520.0,605.0,510.0,586.0,515.0,2.55,2.61,0.0,0.0
570.0,537.0,570.0,537.0,570.0,537.0,-1.0,-1.0,0.0,0.0
587.0,510.0,587.0,510.0,587.0,510.0,-1.0,-1.0,0.0,0.0
578.0,542.0,602.0,514.0,590.0,528.0,2.55,2.69,0.0,0.0
605.0,522.0,605.0,522.0,605.0,522.0,-1.0,-1.0,0.0,0.0
597.0,513.0,739.0,532.0,668.0,522.0,-1.0,-1.0,0.0,0.0
758.0,523.0,842.0,539.0,800.0,531.0,2.61,2.69,0.0,0.0
788.0,526.0,788.0,526.0,788.0,526.0,-1.0,-1.0,0.0,0.0
751.0,526.0,811.0,543.0,781.0,534.0,-1.0,-1.0,0.0,0.0
750.0,534.0,801.0,524.0,775.0,529.0,2.65,2.6,0.0,0.0
753.0,536.0,753.0,536.0,753.0,536.0,-1.0,-1.0,0.0,0.0
812.0,528.0,812.0,528.0,812.0,528.0,-1.0,-1.0,0.0,0.0
811.0,543.0,811.0,543.0,811.0,543.0,2.64,2.64,0.0,0.0
753.0,536.0,753.0,536.0,753.0,536.0,-1.0,-1.0,0.0,0.0
752.0,535.0,802.0,529.0,777.0,532.0,-1.0,-1.0,0.0,0.0
757.0,539.0,814.0,507.0,785.0,523.0,2.71,2.54,0.0,0.0
762.0,541.0,762.0,541.0,762.0,541.0,-1.0,-1.0,0.0,0.0
765.0,534.0,765.0,534.0,765.0,534.0,-1.0,-1.0,0.0,0.0
762.0,518.0,814.0,505.0,788.0,511.0,2.56,2.54,0.0,0.0
747.0,515.0,747.0,515.0,747.0,515.0,-1.0,-1.0,0.0,0.0
-1.0,-1.0,-1.0,-1.0,-1.0,-1.0,-1.0,-1.0,-1.0,-1.0
748.0,518.0,793.0,509.0,770.0,513.0,2.61,2.57,0.0,0.0
-1.0,-1.0,-1.0,-1.0,-1.0,-1.0,-1.0,-1.0,-1.0,-1.0
775.0,493.0,837.0,530.0,806.0,511.0,-1.0,-1.0,0.0,0.0
773.0,494.0,836.0,539.0,804.0,516.0,2.57,2.6,0.0,0.0
728.0,509.0,728.0,509.0,728.0,509.0,-1.0,-1.0,0.0,0.0
766.0,511.0,766.0,511.0,766.0,511.0,-1.0,-1.0,0.0,0.0
766.0,511.0,829.0,569.0,797.0,540.0,2.6,2.75,0.0,0.0
755.0,518.0,840.0,538.0,797.0,528.0,-1.0,-1.0,0.0,0.0
734.0,498.0,734.0,498.0,734.0,498.0,-1.0,-1.0,0.0,0.0
741.0,504.0,836.0,486.0,788.0,495.0,2.6,2.53,0.0,0.0
763.0,512.0,763.0,512.0,763.0,512.0,-1.0,-1.0,0.0,0.0
-1.0,-1.0,-1.0,-1.0,-1.0,-1.0,-1.0,-1.0,-1.0,-1.0
775.0,527.0,850.0,523.0,812.0,525.0,2.68,2.78,0.0,0.0
755.0,528.0,755.0,528.0,755.0,528.0,-1.0,-1.0,0.0,0.0
796.0,540.0,855.0,538.0,825.0,539.0,-1.0,-1.0,0.0,0.0
853.0,525.0,853.0,525.0,853.0,525.0,2.63,2.63,0.0,0.0
826.0,541.0,854.0,525.0,840.0,533.0,-1.0,-1.0,0.0,0.0
-1.0,-1.0,-1.0,-1.0,-1.0,-1.0,-1.0,-1.0,-1.0,-1.0
821.0,533.0,858.0,528.0,839.0,530.0,2.59,2.66,0.0,0.0
-1.0,-1.0,-1.0,-1.0,-1.0,-1.0,-1.0,-1.0,-1.0,-1.0
818.0,537.0,874.0,552.0,846.0,544.0,-1.0,-1.0,0.0,0.0
814.0,537.0,837.0,598.0,825.0,567.0,2.63,2.76,0.0,0.0
792.0,537.0,856.0,581.0,824.0,559.0,-1.0,-1.0,0.0,0.0
793.0,540.0,793.0,540.0,793.0,540.0,-1.0,-1.0,0.0,0.0
858.0,572.0,858.0,572.0,858.0,572.0,2.64,2.64,0.0,0.0
810.0,534.0,810.0,534.0,810.0,534.0,-1.0,-1.0,0.0,0.0
809.0,553.0,809.0,553.0,809.0,553.0,-1.0,-1.0,0.0,0.0
820.0,566.0,841.0,547.0,830.0,556.0,2.67,2.56,0.0,0.0
806.0,566.0,806.0,566.0,806.0,566.0,-1.0,-1.0,0.0,0.0
788.0,555.0,890.0,539.0,839.0,547.0,-1.0,-1.0,0.0,0.0
780.0,537.0,881.0,535.0,830.0,536.0,2.55,2.59,0.0,0.0
777.0,550.0,863.0,552.0,820.0,551.0,-1.0,-1.0,0.0,0.0
777.0,547.0,847.0,544.0,812.0,545.0,-1.0,-1.0,0.0,0.0
781.0,552.0,848.0,561.0,814.0,556.0,2.57,2.75,0.0,0.0
-1.0,-1.0,-1.0,-1.0,-1.0,-1.0,-1.0,-1.0,-1.0,-1.0
776.0,554.0,839.0,568.0,807.0,561.0,-1.0,-1.0,0.0,0.0
782.0,562.0,838.0,580.0,810.0,571.0,2.64,2.74,0.0,0.0
841.0,568.0,841.0,568.0,841.0,568.0,-1.0,-1.0,0.0,0.0
841.0,587.0,846.0,570.0,843.0,578.0,-1.0,-1.0,0.0,0.0
828.0,574.0,845.0,535.0,836.0,554.0,2.6,2.49,0.0,0.0
784.0,554.0,784.0,554.0,784.0,554.0,-1.0,-1.0,0.0,0.0
779.0,546.0,779.0,546.0,779.0,546.0,-1.0,-1.0,0.0,0.0
785.0,544.0,843.0,545.0,814.0,544.0,2.57,2.57,0.0,0.0
-1.0,-1.0,-1.0,-1.0,-1.0,-1.0,-1.0,-1.0,-1.0,-1.0
785.0,538.0,894.0,549.0,839.0,543.0,-1.0,-1.0,0.0,0.0
789.0,546.0,896.0,558.0,842.0,552.0,2.63,2.63,0.0,0.0
786.0,549.0,786.0,549.0,786.0,549.0,-1.0,-1.0,0.0,0.0
819.0,584.0,819.0,584.0,819.0,584.0,-1.0,-1.0,0.0,0.0
775.0,528.0,822.0,563.0,798.0,545.0,2.4,2.53,0.0,0.0
784.0,520.0,784.0,520.0,784.0,520.0,-1.0,-1.0,0.0,0.0
801.0,519.0,855.0,531.0,828.0,525.0,-1.0,-1.0,0.0,0.0
810.0,530.0,852.0,534.0,831.0,532.0,2.54,2.51,0.0,0.0
812.0,540.0,827.0,560.0,819.0,550.0,-1.0,-1.0,0.0,0.0
813.0,537.0,836.0,564.0,824.0,550.0,-1.0,-1.0,0.0,0.0
811.0,534.0,840.0,575.0,825.0,554.0,2.54,2.65,0.0,0.0
801.0,519.0,801.0,519.0,801.0,519.0,-1.0,-1.0,0.0,0.0
803.0,528.0,855.0,571.0,829.0,549.0,-1.0,-1.0,0.0,0.0
798.0,512.0,851.0,557.0,824.0,534.0,2.42,2.54,0.0,0.0
816.0,515.0,816.0,515.0,816.0,515.0,-1.0,-1.0,0.0,0.0
758.0,501.0,868.0,532.0,813.0,516.0,-1.0,-1.0,0.0,0.0
787.0,569.0,862.0,555.0,824.0,562.0,2.54,2.64,0.0,0.0
790.0,577.0,790.0,577.0,790.0,577.0,-1.0,-1.0,0.0,0.0
857.0,557.0,857.0,557.0,857.0,557.0,-1.0,-1.0,0.0,0.0
789.0,578.0,860.0,551.0,824.0,564.0,2.55,2.64,0.0,0.0
774.0,573.0,774.0,573.0,774.0,573.0,-1.0,-1.0,0.0,0.0
793.0,543.0,859.0,547.0,826.0,545.0,-1.0,-1.0,0.0,0.0
867.0,524.0,867.0,524.0,867.0,524.0,2.49,2.49,0.0,0.0
797.0,558.0,797.0,558.0,797.0,558.0,-1.0,-1.0,0.0,0.0
785.0,556.0,874.0,527.0,829.0,541.0,-1.0,-1.0,0.0,0.0
782.0,553.0,872.0,515.0,827.0,534.0,2.49,2.48,0.0,0.0
790.0,542.0,852.0,549.0,821.0,545.0,-1.0,-1.0,0.0,0.0
792.0,536.0,841.0,546.0,816.0,541.0,-1.0,-1.0,0.0,0.0
788.0,538.0,840.0,548.0,814.0,543.0,2.5,2.49,0.0,0.0
-1.0,-1.0,-1.0,-1.0,-1.0,-1.0,-1.0,-1.0,-1.0,-1.0
791.0,547.0,842.0,551.0,816.0,549.0,-1.0,-1.0,0.0,0.0
797.0,548.0,844.0,569.0,820.0,558.0,2.49,2.59,0.0,0.0
803.0,552.0,845.0,567.0,824.0,559.0,-1.0,-1.0,0.0,0.0
848.0,560.0,848.0,560.0,848.0,560.0,-1.0,-1.0,0.0,0.0
801.0,560.0,853.0,555.0,827.0,557.0,2.55,2.5,0.0,0.0
795.0,560.0,795.0,560.0,795.0,560.0,-1.0,-1.0,0.0,0.0
802.0,561.0,860.0,557.0,831.0,559.0,-1.0,-1.0,0.0,0.0
800.0,533.0,860.0,559.0,830.0,546.0,2.48,2.56,0.0,0.0
793.0,524.0,867.0,528.0,830.0,526.0,-1.0,-1.0,0.0,0.0
798.0,526.0,866.0,532.0,832.0,529.0,-1.0,-1.0,0.0,0.0
796.0,537.0,872.0,538.0,834.0,537.0,2.51,2.53,0.0,0.0
773.0,538.0,773.0,538.0,773.0,538.0,-1.0,-1.0,0.0,0.0
773.0,525.0,880.0,537.0,826.0,531.0,-1.0,-1.0,0.0,0.0
771.0,527.0,833.0,508.0,802.0,517.0,2.48,2.49,0.0,0.0
791.0,518.0,791.0,518.0,791.0,518.0,-1.0,-1.0,0.0,0.0
808.0,514.0,856.0,519.0,832.0,516.0,-1.0,-1.0,0.0,0.0
807.0,509.0,861.0,516.0,834.0,512.0,2.48,2.5,0.0,0.0
809.0,526.0,809.0,526.0,809.0,526.0,-1.0,-1.0,0.0,0.0
809.0,529.0,849.0,506.0,829.0,517.0,-1.0,-1.0,0.0,0.0
809.0,530.0,877.0,542.0,843.0,536.0,2.42,2.59,0.0,0.0
792.0,533.0,792.0,533.0,792.0,533.0,-1.0,-1.0,0.0,0.0
779.0,547.0,877.0,533.0,828.0,540.0,-1.0,-1.0,0.0,0.0
780.0,551.0,869.0,532.0,824.0,541.0,2.49,2.53,0.0,0.0
813.0,548.0,865.0,520.0,839.0,534.0,-1.0,-1.0,0.0,0.0
816.0,557.0,858.0,530.0,837.0,543.0,-1.0,-1.0,0.0,0.0
816.0,567.0,858.0,545.0,837.0,556.0,2.51,2.7,0.0,0.0
810.0,566.0,810.0,566.0,810.0,566.0,-1.0,-1.0,0.0,0.0
853.0,540.0,853.0,540.0,853.0,540.0,-1.0,-1.0,0.0,0.0
808.0,556.0,860.0,517.0,834.0,536.0,2.46,2.61,0.0,0.0
791.0,554.0,791.0,554.0,791.0,554.0,-1.0,-1.0,0.0,0.0
794.0,547.0,879.0,530.0,836.0,538.0,-1.0,-1.0,0.0,0.0
791.0,548.0,876.0,523.0,833.0,535.0,2.45,2.52,0.0,0.0
802.0,543.0,802.0,543.0,802.0,543.0,-1.0,-1.0,0.0,0.0
802.0,543.0,872.0,537.0,837.0,540.0,-1.0,-1.0,0.0,0.0
813.0,551.0,872.0,541.0,842.0,546.0,2.54,2.54,0.0,0.0
804.0,556.0,804.0,556.0,804.0,556.0,-1.0,-1.0,0.0,0.0
-1.0,-1.0,-1.0,-1.0,-1.0,-1.0,-1.0,-1.0,-1.0,-1.0
805.0,552.0,866.0,540.0,835.0,546.0,2.56,2.52,0.0,0.0
809.0,550.0,809.0,550.0,809.0,550.0,-1.0,-1.0,0.0,0.0
811.0,535.0,860.0,539.0,835.0,537.0,-1.0,-1.0,0.0,0.0
803.0,530.0,863.0,561.0,833.0,545.0,2.54,2.7,0.0,0.0
806.0,531.0,850.0,585.0,828.0,558.0,-1.0,-1.0,0.0,0.0
806.0,540.0,863.0,582.0,834.0,561.0,-1.0,-1.0,0.0,0.0
802.0,541.0,871.0,566.0,836.0,553.0,2.51,2.5,0.0,0.0
783.0,532.0,876.0,540.0,829.0,536.0,-1.0,-1.0,0.0,0.0
785.0,520.0,886.0,554.0,835.0,537.0,-1.0,-1.0,0.0,0.0
792.0,518.0,879.0,577.0,835.0,547.0,2.53,2.66,0.0,0.0
809.0,529.0,876.0,575.0,842.0,552.0,-1.0,-1.0,0.0,0.0
796.0,539.0,853.0,559.0,824.0,549.0,-1.0,-1.0,0.0,0.0
794.0,525.0,854.0,549.0,824.0,537.0,2.51,2.57,0.0,0.0
792.0,522.0,792.0,522.0,792.0,522.0,-1.0,-1.0,0.0,0.0
797.0,509.0,862.0,572.0,829.0,540.0,-1.0,-1.0,0.0,0.0
801.0,518.0,858.0,570.0,829.0,544.0,2.57,2.63,0.0,0.0
791.0,512.0,857.0,546.0,824.0,529.0,-1.0,-1.0,0.0,0.0
803.0,522.0,851.0,547.0,827.0,534.0,-1.0,-1.0,0.0,0.0
802.0,534.0,851.0,544.0,826.0,539.0,2.56,2.64,0.0,0.0
813.0,531.0,813.0,531.0,813.0,531.0,-1.0,-1.0,0.0,0.0
802.0,532.0,837.0,546.0,819.0,539.0,-1.0,-1.0,0.0,0.0
804.0,518.0,839.0,550.0,821.0,534.0,2.56,2.66,0.0,0.0
806.0,527.0,850.0,566.0,828.0,546.0,-1.0,-1.0,0.0,0.0
812.0,530.0,857.0,555.0,834.0,542.0,-1.0,-1.0,0.0,0.0
815.0,544.0,852.0,551.0,833.0,547.0,2.68,2.66,0.0,0.0
819.0,539.0,819.0,539.0,819.0,539.0,-1.0,-1.0,0.0,0.0
-1.0,-1.0,-1.0,-1.0,-1.0,-1.0,-1.0,-1.0,-1.0,-1.0
824.0,539.0,858.0,558.0,841.0,548.0,2.68,2.69,0.0,0.0
-1.0,-1.0,-1.0,-1.0,-1.0,-1.0,-1.0,-1.0,-1.0,-1.0
818.0,530.0,818.0,530.0,818.0,530.0,-1.0,-1.0,0.0,0.0
812.0,529.0,829.0,546.0,820.0,537.0,2.58,2.72,0.0,0.0
801.0,542.0,841.0,545.0,821.0,543.0,-1.0,-1.0,0.0,0.0
781.0,585.0,781.0,585.0,781.0,585.0,-1.0,-1.0,0.0,0.0
782.0,593.0,841.0,534.0,811.0,563.0,2.65,2.64,0.0,0.0
785.0,591.0,823.0,551.0,804.0,571.0,-1.0,-1.0,0.0,0.0
776.0,552.0,838.0,535.0,807.0,543.0,-1.0,-1.0,0.0,0.0
776.0,542.0,831.0,531.0,803.0,536.0,2.57,2.64,0.0,0.0
785.0,533.0,831.0,531.0,808.0,532.0,-1.0,-1.0,0.0,0.0
802.0,533.0,857.0,563.0,829.0,548.0,-1.0,-1.0,0.0,0.0
798.0,538.0,854.0,572.0,826.0,555.0,2.63,2.65,0.0,0.0
786.0,536.0,786.0,536.0,786.0,536.0,-1.0,-1.0,0.0,0.0
847.0,566.0,847.0,566.0,847.0,566.0,-1.0,-1.0,0.0,0.0
780.0,532.0,855.0,549.0,817.0,540.0,2.64,2.51,0.0,0.0
-1.0,-1.0,-1.0,-1.0,-1.0,-1.0,-1.0,-1.0,-1.0,-1.0
774.0,552.0,774.0,552.0,774.0,552.0,-1.0,-1.0,0.0,0.0
776.0,540.0,861.0,527.0,818.0,533.0,2.57,2.57,0.0,0.0
782.0,553.0,782.0,553.0,782.0,553.0,-1.0,-1.0,0.0,0.0
776.0,541.0,863.0,535.0,819.0,538.0,-1.0,-1.0,0.0,0.0
783.0,586.0,855.0,547.0,819.0,566.0,2.85,2.62,0.0,0.0
-1.0,-1.0,-1.0,-1.0,-1.0,-1.0,-1.0,-1.0,-1.0,-1.0
796.0,607.0,866.0,550.0,831.0,578.0,-1.0,-1.0,0.0,0.0
793.0,571.0,874.0,571.0,833.0,571.0,2.62,2.71,0.0,0.0
777.0,554.0,777.0,554.0,777.0,554.0,-1.0,-1.0,0.0,0.0
850.0,564.0,850.0,564.0,850.0,564.0,-1.0,-1.0,0.0,0.0
777.0,552.0,852.0,546.0,814.0,549.0,2.59,2.61,0.0,0.0
794.0,562.0,841.0,560.0,817.0,561.0,-1.0,-1.0,0.0,0.0
790.0,541.0,843.0,561.0,816.0,551.0,-1.0,-1.0,0.0,0.0
786.0,539.0,842.0,571.0,814.0,555.0,2.55,2.68,0.0,0.0
788.0,543.0,788.0,543.0,788.0,543.0,-1.0,-1.0,0.0,0.0
750.0,538.0,819.0,594.0,784.0,566.0,-1.0,-1.0,0.0,0.0
784.0,598.0,814.0,591.0,799.0,594.0,2.64,2.64,0.0,0.0
780.0,594.0,825.0,611.0,802.0,602.0,-1.0,-1.0,0.0,0.0
796.0,562.0,847.0,590.0,821.0,576.0,-1.0,-1.0,0.0,0.0
790.0,530.0,857.0,593.0,823.0,561.0,2.42,2.66,0.0,0.0
783.0,528.0,855.0,589.0,819.0,558.0,-1.0,-1.0,0.0,0.0
779.0,519.0,855.0,591.0,817.0,555.0,-1.0,-1.0,0.0,0.0
784.0,545.0,856.0,585.0,820.0,565.0,2.61,2.62,0.0,0.0
801.0,543.0,801.0,543.0,801.0,543.0,-1.0,-1.0,0.0,0.0
813.0,533.0,856.0,583.0,834.0,558.0,-1.0,-1.0,0.0,0.0
815.0,524.0,856.0,574.0,835.0,549.0,2.55,2.49,0.0,0.0
807.0,526.0,884.0,535.0,845.0,530.0,-1.0,-1.0,0.0,0.0
797.0,513.0,857.0,562.0,827.0,537.0,-1.0,-1.0,0.0,0.0
800.0,520.0,864.0,556.0,832.0,538.0,2.58,2.46,0.0,0.0
800.0,525.0,828.0,647.0,814.0,586.0,-1.0,-1.0,0.0,0.0
792.0,543.0,814.0,675.0,803.0,609.0,-1.0,-1.0,0.0,0.0
789.0,528.0,814.0,674.0,801.0,601.0,2.5,2.56,0.0,0.0
784.0,528.0,784.0,528.0,784.0,528.0,-1.0,-1.0,0.0,0.0
786.0,537.0,853.0,573.0,819.0,555.0,-1.0,-1.0,0.0,0.0
790.0,556.0,853.0,573.0,821.0,564.0,2.56,2.56,0.0,0.0
795.0,555.0,795.0,555.0,795.0,555.0,-1.0,-1.0,0.0,0.0
801.0,547.0,866.0,541.0,833.0,544.0,-1.0,-1.0,0.0,0.0
803.0,569.0,865.0,564.0,834.0,566.0,2.67,2.63,0.0,0.0
824.0,573.0,824.0,573.0,824.0,573.0,-1.0,-1.0,0.0,0.0
818.0,571.0,870.0,566.0,844.0,568.0,-1.0,-1.0,0.0,0.0
813.0,549.0,869.0,539.0,841.0,544.0,2.56,2.48,0.0,0.0
802.0,547.0,802.0,547.0,802.0,547.0,-1.0,-1.0,0.0,0.0
796.0,548.0,854.0,547.0,825.0,547.0,-1.0,-1.0,0.0,0.0
798.0,535.0,856.0,551.0,827.0,543.0,2.48,2.56,0.0,0.0
794.0,541.0,794.0,541.0,794.0,541.0,-1.0,-1.0,0.0,0.0
795.0,530.0,868.0,539.0,831.0,534.0,-1.0,-1.0,0.0,0.0
801.0,549.0,860.0,551.0,830.0,550.0,2.61,2.62,0.0,0.0
861.0,566.0,861.0,566.0,861.0,566.0,-1.0,-1.0,0.0,0.0
854.0,568.0,854.0,568.0,854.0,568.0,-1.0,-1.0,0.0,0.0
794.0,537.0,854.0,561.0,824.0,549.0,2.54,2.54,0.0,0.0
795.0,531.0,795.0,531.0,795.0,531.0,-1.0,-1.0,0.0,0.0
858.0,562.0,858.0,562.0,858.0,562.0,-1.0,-1.0,0.0,0.0
748.0,530.0,856.0,559.0,802.0,544.0,2.46,2.53,0.0,0.0
743.0,532.0,852.0,558.0,797.0,545.0,-1.0,-1.0,0.0,0.0
843.0,558.0,843.0,558.0,843.0,558.0,-1.0,-1.0,0.0,0.0
746.0,541.0,841.0,564.0,793.0,552.0,2.55,2.61,0.0,0.0
750.0,525.0,750.0,525.0,750.0,525.0,-1.0,-1.0,0.0,0.0
787.0,553.0,831.0,562.0,809.0,557.0,-1.0,-1.0,0.0,0.0
781.0,545.0,836.0,562.0,808.0,553.0,2.51,2.63,0.0,0.0
779.0,556.0,779.0,556.0,779.0,556.0,-1.0,-1.0,0.0,0.0
864.0,550.0,864.0,550.0,864.0,550.0,-1.0,-1.0,0.0,0.0
781.0,559.0,868.0,567.0,824.0,563.0,2.5,2.7,0.0,0.0
783.0,551.0,846.0,589.0,814.0,570.0,-1.0,-1.0,0.0,0.0
764.0,521.0,856.0,588.0,810.0,554.0,-1.0,-1.0,0.0,0.0
767.0,529.0,852.0,570.0,809.0,549.0,2.54,2.48,0.0,0.0
743.0,483.0,743.0,483.0,743.0,483.0,-1.0,-1.0,0.0,0.0
796.0,528.0,834.0,582.0,815.0,555.0,-1.0,-1.0,0.0,0.0
790.0,517.0,839.0,596.0,814.0,556.0,2.5,2.64,0.0,0.0
794.0,535.0,794.0,535.0,794.0,535.0,-1.0,-1.0,0.0,0.0
799.0,535.0,862.0,551.0,830.0,543.0,-1.0,-1.0,0.0,0.0
873.0,568.0,873.0,568.0,873.0,568.0,2.69,2.69,0.0,0.0
803.0,533.0,803.0,533.0,803.0,533.0,-1.0,-1.0,0.0,0.0
773.0,534.0,860.0,595.0,816.0,564.0,-1.0,-1.0,0.0,0.0
797.0,555.0,846.0,571.0,821.0,563.0,2.5,2.63,0.0,0.0
776.0,551.0,776.0,551.0,776.0,551.0,-1.0,-1.0,0.0,0.0
784.0,531.0,862.0,543.0,823.0,537.0,-1.0,-1.0,0.0,0.0
862.0,529.0,862.0,529.0,862.0,529.0,2.5,2.5,0.0,0.0
841.0,565.0,841.0,565.0,841.0,565.0,-1.0,-1.0,0.0,0.0
-1.0,-1.0,-1.0,-1.0,-1.0,-1.0,-1.0,-1.0,-1.0,-1.0
778.0,546.0,845.0,591.0,811.0,568.0,2.56,2.71,0.0,0.0
781.0,545.0,851.0,604.0,816.0,574.0,-1.0,-1.0,0.0,0.0
769.0,563.0,844.0,603.0,806.0,583.0,-1.0,-1.0,0.0,0.0
767.0,556.0,860.0,539.0,813.0,547.0,2.53,2.62,0.0,0.0
761.0,561.0,761.0,561.0,761.0,561.0,-1.0,-1.0,0.0,0.0
766.0,563.0,844.0,591.0,805.0,577.0,-1.0,-1.0,0.0,0.0
828.0,632.0,841.0,589.0,834.0,610.0,2.63,2.59,0.0,0.0
828.0,632.0,830.0,577.0,829.0,604.0,-1.0,-1.0,0.0,0.0
786.0,559.0,848.0,582.0,817.0,570.0,-1.0,-1.0,0.0,0.0
779.0,537.0,847.0,580.0,813.0,558.0,2.53,2.54,0.0,0.0
799.0,550.0,799.0,550.0,799.0,550.0,-1.0,-1.0,0.0,0.0
-1.0,-1.0,-1.0,-1.0,-1.0,-1.0,-1.0,-1.0,-1.0,-1.0
766.0,558.0,847.0,583.0,806.0,570.0,2.51,2.55,0.0,0.0
785.0,521.0,785.0,521.0,785.0,521.0,-1.0,-1.0,0.0,0.0
851.0,543.0,851.0,543.0,851.0,543.0,-1.0,-1.0,0.0,0.0
751.0,529.0,852.0,550.0,801.0,539.0,2.48,2.64,0.0,0.0
820.0,555.0,820.0,555.0,820.0,555.0,-1.0,-1.0,0.0,0.0
778.0,542.0,810.0,572.0,794.0,557.0,-1.0,-1.0,0.0,0.0
776.0,543.0,811.0,561.0,793.0,552.0,2.49,2.6,0.0,0.0
-1.0,-1.0,-1.0,-1.0,-1.0,-1.0,-1.0,-1.0,-1.0,-1.0
816.0,562.0,816.0,562.0,816.0,562.0,-1.0,-1.0,0.0,0.0
820.0,560.0,812.0,566.0,816.0,563.0,2.5,2.56,0.0,0.0
776.0,549.0,776.0,549.0,776.0,549.0,-1.0,-1.0,0.0,0.0
767.0,568.0,855.0,546.0,811.0,557.0,-1.0,-1.0,0.0,0.0
763.0,564.0,849.0,555.0,806.0,559.0,2.5,2.67,0.0,0.0
762.0,564.0,762.0,564.0,762.0,564.0,-1.0,-1.0,0.0,0.0
781.0,535.0,846.0,556.0,813.0,545.0,-1.0,-1.0,0.0,0.0
-1.0,-1.0,-1.0,-1.0,-1.0,-1.0,-1.0,-1.0,-1.0,-1.0
773.0,562.0,846.0,578.0,809.0,570.0,-1.0,-1.0,0.0,0.0
844.0,575.0,844.0,575.0,844.0,575.0,-1.0,-1.0,0.0,0.0
783.0,594.0,844.0,595.0,813.0,594.0,2.61,2.7,0.0,0.0
818.0,550.0,835.0,565.0,826.0,557.0,-1.0,-1.0,0.0,0.0
798.0,576.0,844.0,564.0,821.0,570.0,-1.0,-1.0,0.0,0.0
806.0,558.0,854.0,547.0,830.0,552.0,2.53,2.67,0.0,0.0
805.0,562.0,854.0,546.0,829.0,554.0,-1.0,-1.0,0.0,0.0
825.0,548.0,846.0,548.0,835.0,548.0,-1.0,-1.0,0.0,0.0
853.0,546.0,853.0,546.0,853.0,546.0,2.6,2.6,0.0,0.0
817.0,547.0,817.0,547.0,817.0,547.0,-1.0,-1.0,0.0,0.0
804.0,537.0,858.0,550.0,831.0,543.0,-1.0,-1.0,0.0,0.0
806.0,546.0,858.0,529.0,832.0,537.0,2.59,2.43,0.0,0.0
801.0,551.0,801.0,551.0,801.0,551.0,-1.0,-1.0,0.0,0.0
794.0,545.0,847.0,492.0,820.0,518.0,-1.0,-1.0,0.0,0.0
790.0,533.0,836.0,536.0,813.0,534.0,2.55,2.63,0.0,0.0
799.0,526.0,799.0,526.0,799.0,526.0,-1.0,-1.0,0.0,0.0
821.0,531.0,865.0,545.0,843.0,538.0,-1.0,-1.0,0.0,0.0
821.0,531.0,871.0,558.0,846.0,544.0,2.56,2.69,0.0,0.0
814.0,527.0,858.0,579.0,836.0,553.0,-1.0,-1.0,0.0,0.0
797.0,533.0,797.0,533.0,797.0,533.0,-1.0,-1.0,0.0,0.0
799.0,555.0,853.0,573.0,826.0,564.0,2.66,2.65,0.0,0.0
804.0,558.0,857.0,560.0,830.0,559.0,-1.0,-1.0,0.0,0.0
-1.0,-1.0,-1.0,-1.0,-1.0,-1.0,-1.0,-1.0,-1.0,-1.0
798.0,526.0,827.0,542.0,812.0,534.0,2.48,2.57,0.0,0.0
783.0,533.0,783.0,533.0,783.0,533.0,-1.0,-1.0,0.0,0.0
786.0,541.0,844.0,541.0,815.0,541.0,-1.0,-1.0,0.0,0.0
791.0,544.0,844.0,560.0,817.0,552.0,2.52,2.69,0.0,0.0
801.0,536.0,841.0,579.0,821.0,557.0,-1.0,-1.0,0.0,0.0
807.0,658.0,807.0,658.0,807.0,658.0,-1.0,-1.0,0.0,0.0
797.0,539.0,807.0,658.0,802.0,598.0,2.58,2.7,0.0,0.0
787.0,539.0,787.0,539.0,787.0,539.0,-1.0,-1.0,0.0,0.0
792.0,542.0,792.0,542.0,792.0,542.0,-1.0,-1.0,0.0,0.0
-1.0,-1.0,-1.0,-1.0,-1.0,-1.0,-1.0,-1.0,-1.0,-1.0
796.0,552.0,799.0,599.0,797.0,575.0,-1.0,-1.0,0.0,0.0
794.0,543.0,826.0,574.0,810.0,558.0,-1.0,-1.0,0.0,0.0
790.0,546.0,816.0,559.0,803.0,552.0,2.55,2.59,0.0,0.0
776.0,547.0,776.0,547.0,776.0,547.0,-1.0,-1.0,0.0,0.0
782.0,537.0,815.0,558.0,798.0,547.0,-1.0,-1.0,0.0,0.0
776.0,536.0,818.0,544.0,797.0,540.0,2.58,2.49,0.0,0.0
794.0,539.0,794.0,539.0,794.0,539.0,-1.0,-1.0,0.0,0.0
810.0,537.0,810.0,537.0,810.0,537.0,-1.0,-1.0,0.0,0.0
821.0,548.0,849.0,548.0,835.0,548.0,2.59,2.61,0.0,0.0
811.0,544.0,811.0,544.0,811.0,544.0,-1.0,-1.0,0.0,0.0
805.0,551.0,856.0,547.0,830.0,549.0,-1.0,-1.0,0.0,0.0
799.0,546.0,852.0,529.0,825.0,537.0,2.63,2.6,0.0,0.0
790.0,551.0,835.0,574.0,812.0,562.0,-1.0,-1.0,0.0,0.0
822.0,570.0,822.0,570.0,822.0,570.0,-1.0,-1.0,0.0,0.0
787.0,539.0,822.0,592.0,804.0,565.0,2.46,2.69,0.0,0.0
802.0,532.0,802.0,532.0,802.0,532.0,-1.0,-1.0,0.0,0.0
-1.0,-1.0,-1.0,-1.0,-1.0,-1.0,-1.0,-1.0,-1.0,-1.0
749.0,564.0,841.0,543.0,795.0,553.0,2.61,2.62,0.0,0.0
750.0,571.0,841.0,543.0,795.0,557.0,-1.0,-1.0,0.0,0.0
769.0,566.0,846.0,592.0,807.0,579.0,-1.0,-1.0,0.0,0.0
843.0,596.0,843.0,596.0,843.0,596.0,2.63,2.63,0.0,0.0
765.0,560.0,765.0,560.0,765.0,560.0,-1.0,-1.0,0.0,0.0
795.0,558.0,795.0,558.0,795.0,558.0,-1.0,-1.0,0.0,0.0
788.0,540.0,853.0,588.0,820.0,564.0,2.52,2.73,0.0,0.0
787.0,539.0,846.0,577.0,816.0,558.0,-1.0,-1.0,0.0,0.0
782.0,544.0,843.0,577.0,812.0,560.0,-1.0,-1.0,0.0,0.0
-1.0,-1.0,-1.0,-1.0,-1.0,-1.0,-1.0,-1.0,-1.0,-1.0
797.0,535.0,841.0,577.0,819.0,556.0,-1.0,-1.0,0.0,0.0
791.0,527.0,844.0,581.0,817.0,554.0,-1.0,-1.0,0.0,0.0
795.0,532.0,843.0,578.0,819.0,555.0,2.56,2.62,0.0,0.0
800.0,542.0,843.0,579.0,821.0,560.0,-1.0,-1.0,0.0,0.0
-1.0,-1.0,-1.0,-1.0,-1.0,-1.0,-1.0,-1.0,-1.0,-1.0
798.0,530.0,841.0,572.0,819.0,551.0,2.44,2.59,0.0,0.0
-1.0,-1.0,-1.0,-1.0,-1.0,-1.0,-1.0,-1.0,-1.0,-1.0
847.0,567.0,847.0,567.0,847.0,567.0,-1.0,-1.0,0.0,0.0
767.0,544.0,854.0,570.0,810.0,557.0,2.54,2.56,0.0,0.0
738.0,556.0,738.0,556.0,738.0,556.0,-1.0,-1.0,0.0,0.0
803.0,551.0,858.0,544.0,830.0,547.0,-1.0,-1.0,0.0,0.0
809.0,559.0,856.0,537.0,832.0,548.0,2.55,2.54,0.0,0.0
821.0,558.0,821.0,558.0,821.0,558.0,-1.0,-1.0,0.0,0.0
824.0,548.0,856.0,552.0,840.0,550.0,-1.0,-1.0,0.0,0.0
817.0,542.0,863.0,578.0,840.0,560.0,2.47,2.69,0.0,0.0
820.0,535.0,820.0,535.0,820.0,535.0,-1.0,-1.0,0.0,0.0
-1.0,-1.0,-1.0,-1.0,-1.0,-1.0,-1.0,-1.0,-1.0,-1.0
-1.0,-1.0,-1.0,-1.0,-1.0,-1.0,-1.0,-1.0,-1.0,-1.0
811.0,544.0,811.0,544.0,811.0,544.0,-1.0,-1.0,0.0,0.0
793.0,553.0,869.0,567.0,831.0,560.0,-1.0,-1.0,0.0,0.0
801.0,558.0,865.0,549.0,833.0,553.0,2.55,2.54,0.0,0.0
794.0,562.0,794.0,562.0,794.0,562.0,-1.0,-1.0,0.0,0.0
812.0,561.0,881.0,553.0,846.0,557.0,-1.0,-1.0,0.0,0.0
797.0,536.0,886.0,565.0,841.0,550.0,2.42,2.61,0.0,0.0
747.0,521.0,747.0,521.0,747.0,521.0,-1.0,-1.0,0.0,0.0
748.0,521.0,873.0,553.0,810.0,537.0,-1.0,-1.0,0.0,0.0
872.0,549.0,872.0,549.0,872.0,549.0,2.61,2.61,0.0,0.0
754.0,516.0,836.0,574.0,795.0,545.0,-1.0,-1.0,0.0,0.0
753.0,516.0,851.0,569.0,802.0,542.0,-1.0,-1.0,0.0,0.0
819.0,536.0,855.0,555.0,837.0,545.0,2.48,2.47,0.0,0.0
809.0,545.0,809.0,545.0,809.0,545.0,-1.0,-1.0,0.0,0.0
807.0,549.0,807.0,549.0,807.0,549.0,-1.0,-1.0,0.0,0.0
-1.0,-1.0,-1.0,-1.0,-1.0,-1.0,-1.0,-1.0,-1.0,-1.0
780.0,551.0,780.0,551.0,780.0,551.0,-1.0,-1.0,0.0,0.0
792.0,542.0,889.0,544.0,840.0,543.0,-1.0,-1.0,0.0,0.0
789.0,550.0,885.0,570.0,837.0,560.0,2.56,2.7,0.0,0.0
813.0,548.0,813.0,548.0,813.0,548.0,-1.0,-1.0,0.0,0.0
810.0,548.0,810.0,548.0,810.0,548.0,-1.0,-1.0,0.0,0.0
804.0,543.0,884.0,566.0,844.0,554.0,2.52,2.63,0.0,0.0
803.0,536.0,803.0,536.0,803.0,536.0,-1.0,-1.0,0.0,0.0
776.0,532.0,776.0,532.0,776.0,532.0,-1.0,-1.0,0.0,0.0
783.0,536.0,842.0,526.0,812.0,531.0,2.59,2.57,0.0,0.0
791.0,537.0,824.0,563.0,807.0,550.0,-1.0,-1.0,0.0,0.0
801.0,548.0,824.0,582.0,812.0,565.0,-1.0,-1.0,0.0,0.0
794.0,535.0,814.0,586.0,804.0,560.0,2.5,2.64,0.0,0.0
792.0,539.0,792.0,539.0,792.0,539.0,-1.0,-1.0,0.0,0.0
806.0,536.0,839.0,567.0,822.0,551.0,-1.0,-1.0,0.0,0.0
-1.0,-1.0,-1.0,-1.0,-1.0,-1.0,-1.0,-1.0,-1.0,-1.0
796.0,533.0,796.0,533.0,796.0,533.0,-1.0,-1.0,0.0,0.0
775.0,526.0,865.0,543.0,820.0,534.0,-1.0,-1.0,0.0,0.0
777.0,539.0,861.0,553.0,819.0,546.0,2.56,2.7,0.0,0.0
783.0,535.0,783.0,535.0,783.0,535.0,-1.0,-1.0,0.0,0.0
777.0,574.0,849.0,554.0,813.0,564.0,-1.0,-1.0,0.0,0.0
-1.0,-1.0,-1.0,-1.0,-1.0,-1.0,-1.0,-1.0,-1.0,-1.0
-1.0,-1.0,-1.0,-1.0,-1.0,-1.0,-1.0,-1.0,-1.0,-1.0
771.0,566.0,820.0,591.0,795.0,578.0,-1.0,-1.0,0.0,0.0
770.0,561.0,827.0,549.0,798.0,555.0,2.5,2.43,0.0,0.0
767.0,562.0,767.0,562.0,767.0,562.0,-1.0,-1.0,0.0,0.0
773.0,539.0,773.0,539.0,773.0,539.0,-1.0,-1.0,0.0,0.0
-1.0,-1.0,-1.0,-1.0,-1.0,-1.0,-1.0,-1.0,-1.0,-1.0
776.0,548.0,776.0,548.0,776.0,548.0,-1.0,-1.0,0.0,0.0
777.0,551.0,841.0,508.0,809.0,529.0,-1.0,-1.0,0.0,0.0
778.0,559.0,828.0,541.0,803.0,550.0,2.51,2.63,0.0,0.0
788.0,553.0,788.0,553.0,788.0,553.0,-1.0,-1.0,0.0,0.0
787.0,556.0,816.0,575.0,801.0,565.0,-1.0,-1.0,0.0,0.0
780.0,546.0,821.0,574.0,800.0,560.0,2.47,2.62,0.0,0.0
774.0,542.0,774.0,542.0,774.0,542.0,-1.0,-1.0,0.0,0.0
771.0,531.0,840.0,542.0,805.0,536.0,-1.0,-1.0,0.0,0.0
840.0,537.0,840.0,537.0,840.0,537.0,2.59,2.59,0.0,0.0
765.0,529.0,765.0,529.0,765.0,529.0,-1.0,-1.0,0.0,0.0
766.0,534.0,766.0,534.0,766.0,534.0,-1.0,-1.0,0.0,0.0
-1.0,-1.0,-1.0,-1.0,-1.0,-1.0,-1.0,-1.0,-1.0,-1.0
735.0,512.0,735.0,512.0,735.0,512.0,-1.0,-1.0,0.0,0.0
-1.0,-1.0,-1.0,-1.0,-1.0,-1.0,-1.0,-1.0,-1.0,-1.0
783.0,520.0,845.0,524.0,814.0,522.0,2.52,2.6,0.0,0.0
795.0,533.0,795.0,533.0,795.0,533.0,-1.0,-1.0,0.0,0.0
804.0,528.0,872.0,541.0,838.0,534.0,-1.0,-1.0,0.0,0.0
871.0,566.0,871.0,566.0,871.0,566.0,2.69,2.69,0.0,0.0
806.0,517.0,806.0,517.0,806.0,517.0,-1.0,-1.0,0.0,0.0
807.0,522.0,872.0,558.0,839.0,540.0,-1.0,-1.0,0.0,0.0
804.0,527.0,830.0,583.0,817.0,555.0,2.55,2.7,0.0,0.0
790.0,540.0,853.0,601.0,821.0,570.0,-1.0,-1.0,0.0,0.0
798.0,540.0,846.0,603.0,822.0,571.0,-1.0,-1.0,0.0,0.0
817.0,554.0,853.0,582.0,835.0,568.0,2.57,2.59,0.0,0.0
812.0,547.0,842.0,582.0,827.0,564.0,-1.0,-1.0,0.0,0.0
807.0,544.0,848.0,583.0,827.0,563.0,-1.0,-1.0,0.0,0.0
-1.0,-1.0,-1.0,-1.0,-1.0,-1.0,-1.0,-1.0,-1.0,-1.0
827.0,540.0,852.0,590.0,839.0,565.0,-1.0,-1.0,0.0,0.0
825.0,534.0,850.0,589.0,837.0,561.0,-1.0,-1.0,0.0,0.0
837.0,548.0,851.0,596.0,844.0,572.0,2.7,2.65,0.0,0.0
849.0,591.0,849.0,591.0,849.0,591.0,-1.0,-1.0,0.0,0.0
827.0,654.0,827.0,654.0,827.0,654.0,-1.0,-1.0,0.0,0.0
812.0,622.0,861.0,590.0,836.0,606.0,2.48,2.61,0.0,0.0
796.0,588.0,864.0,596.0,830.0,592.0,-1.0,-1.0,0.0,0.0
791.0,543.0,866.0,596.0,828.0,569.0,-1.0,-1.0,0.0,0.0
790.0,539.0,861.0,605.0,825.0,572.0,2.52,2.72,0.0,0.0
798.0,538.0,798.0,538.0,798.0,538.0,-1.0,-1.0,0.0,0.0
797.0,550.0,847.0,590.0,822.0,570.0,-1.0,-1.0,0.0,0.0
803.0,573.0,850.0,580.0,826.0,576.0,2.66,2.58,0.0,0.0
807.0,569.0,807.0,569.0,807.0,569.0,-1.0,-1.0,0.0,0.0
808.0,567.0,851.0,547.0,829.0,557.0,-1.0,-1.0,0.0,0.0
802.0,548.0,853.0,550.0,827.0,549.0,2.49,2.64,0.0,0.0
792.0,556.0,843.0,574.0,817.0,565.0,-1.0,-1.0,0.0,0.0
802.0,550.0,802.0,550.0,802.0,550.0,-1.0,-1.0,0.0,0.0
-1.0,-1.0,-1.0,-1.0,-1.0,-1.0,-1.0,-1.0,-1.0,-1.0
802.0,551.0,802.0,551.0,802.0,551.0,-1.0,-1.0,0.0,0.0
793.0,543.0,848.0,578.0,820.0,560.0,-1.0,-1.0,0.0,0.0
-1.0,-1.0,-1.0,-1.0,-1.0,-1.0,-1.0,-1.0,-1.0,-1.0
787.0,532.0,787.0,532.0,787.0,532.0,-1.0,-1.0,0.0,0.0
802.0,526.0,898.0,566.0,850.0,546.0,-1.0,-1.0,0.0,0.0
804.0,513.0,858.0,537.0,831.0,525.0,2.32,2.55,0.0,0.0
789.0,508.0,843.0,565.0,816.0,536.0,-1.0,-1.0,0.0,0.0
792.0,515.0,818.0,621.0,805.0,568.0,-1.0,-1.0,0.0,0.0
801.0,546.0,820.0,595.0,810.0,570.0,2.59,2.67,0.0,0.0
808.0,551.0,816.0,594.0,812.0,572.0,-1.0,-1.0,0.0,0.0
799.0,541.0,814.0,593.0,806.0,567.0,-1.0,-1.0,0.0,0.0
800.0,537.0,820.0,592.0,810.0,564.0,2.52,2.66,0.0,0.0
798.0,534.0,798.0,534.0,798.0,534.0,-1.0,-1.0,0.0,0.0
821.0,554.0,821.0,554.0,821.0,554.0,-1.0,-1.0,0.0,0.0
819.0,548.0,807.0,618.0,813.0,583.0,2.5,2.56,0.0,0.0
818.0,548.0,813.0,636.0,815.0,592.0,-1.0,-1.0,0.0,0.0
818.0,535.0,818.0,535.0,818.0,535.0,-1.0,-1.0,0.0,0.0
816.0,541.0,805.0,641.0,810.0,591.0,2.54,2.65,0.0,0.0
818.0,532.0,808.0,568.0,813.0,550.0,-1.0,-1.0,0.0,0.0
-1.0,-1.0,-1.0,-1.0,-1.0,-1.0,-1.0,-1.0,-1.0,-1.0
817.0,518.0,800.0,587.0,808.0,552.0,2.53,2.73,0.0,0.0
808.0,528.0,808.0,528.0,808.0,528.0,-1.0,-1.0,0.0,0.0
802.0,533.0,802.0,533.0,802.0,533.0,-1.0,-1.0,0.0,0.0
808.0,553.0,812.0,548.0,810.0,550.0,2.61,2.48,0.0,0.0
812.0,557.0,824.0,590.0,818.0,573.0,-1.0,-1.0,0.0,0.0
800.0,549.0,851.0,583.0,825.0,566.0,-1.0,-1.0,0.0,0.0
800.0,546.0,840.0,593.0,820.0,569.0,2.58,2.61,0.0,0.0
798.0,533.0,798.0,533.0,798.0,533.0,-1.0,-1.0,0.0,0.0
831.0,535.0,848.0,585.0,839.0,560.0,-1.0,-1.0,0.0,0.0
858.0,589.0,858.0,589.0,858.0,589.0,2.65,2.65,0.0,0.0
825.0,543.0,854.0,573.0,839.0,558.0,-1.0,-1.0,0.0,0.0
786.0,584.0,856.0,552.0,821.0,568.0,-1.0,-1.0,0.0,0.0
780.0,570.0,835.0,564.0,807.0,567.0,2.52,2.54,0.0,0.0
761.0,532.0,824.0,559.0,792.0,545.0,-1.0,-1.0,0.0,0.0
794.0,530.0,829.0,559.0,811.0,544.0,-1.0,-1.0,0.0,0.0
797.0,520.0,826.0,561.0,811.0,540.0,2.43,2.54,0.0,0.0
787.0,524.0,787.0,524.0,787.0,524.0,-1.0,-1.0,0.0,0.0
849.0,573.0,849.0,573.0,849.0,573.0,-1.0,-1.0,0.0,0.0
794.0,549.0,858.0,575.0,826.0,562.0,2.6,2.5,0.0,0.0
807.0,540.0,868.0,546.0,837.0,543.0,-1.0,-1.0,0.0,0.0
821.0,513.0,821.0,513.0,821.0,513.0,-1.0,-1.0,0.0,0.0
-1.0,-1.0,-1.0,-1.0,-1.0,-1.0,-1.0,-1.0,-1.0,-1.0
772.0,548.0,772.0,548.0,772.0,548.0,-1.0,-1.0,0.0,0.0
-1.0,-1.0,-1.0,-1.0,-1.0,-1.0,-1.0,-1.0,-1.0,-1.0
772.0,548.0,808.0,575.0,790.0,561.0,2.57,2.6,0.0,0.0
756.0,532.0,756.0,532.0,756.0,532.0,-1.0,-1.0,0.0,0.0
804.0,542.0,804.0,542.0,804.0,542.0,-1.0,-1.0,0.0,0.0
804.0,548.0,841.0,509.0,822.0,528.0,2.62,2.49,0.0,0.0
801.0,559.0,801.0,559.0,801.0,559.0,-1.0,-1.0,0.0,0.0
797.0,561.0,856.0,527.0,826.0,544.0,-1.0,-1.0,0.0,0.0
785.0,546.0,832.0,553.0,808.0,549.0,2.54,2.64,0.0,0.0
796.0,545.0,796.0,545.0,796.0,545.0,-1.0,-1.0,0.0,0.0
803.0,545.0,844.0,554.0,823.0,549.0,-1.0,-1.0,0.0,0.0
802.0,553.0,852.0,557.0,827.0,555.0,2.56,2.65,0.0,0.0
790.0,540.0,842.0,572.0,816.0,556.0,-1.0,-1.0,0.0,0.0
789.0,532.0,789.0,532.0,789.0,532.0,-1.0,-1.0,0.0,0.0
788.0,530.0,844.0,573.0,816.0,551.0,2.52,2.61,0.0,0.0
792.0,544.0,792.0,544.0,792.0,544.0,-1.0,-1.0,0.0,0.0
835.0,571.0,835.0,571.0,835.0,571.0,-1.0,-1.0,0.0,0.0
817.0,543.0,834.0,553.0,825.0,548.0,2.62,2.6,0.0,0.0
828.0,558.0,828.0,558.0,828.0,558.0,-1.0,-1.0,0.0,0.0
823.0,565.0,823.0,565.0,823.0,565.0,-1.0,-1.0,0.0,0.0
817.0,552.0,848.0,567.0,832.0,559.0,2.54,2.64,0.0,0.0
789.0,538.0,850.0,592.0,819.0,565.0,-1.0,-1.0,0.0,0.0
779.0,552.0,858.0,591.0,818.0,571.0,-1.0,-1.0,0.0,0.0
786.0,558.0,862.0,584.0,824.0,571.0,2.51,2.65,0.0,0.0
811.0,554.0,846.0,576.0,828.0,565.0,-1.0,-1.0,0.0,0.0
806.0,548.0,838.0,578.0,822.0,563.0,-1.0,-1.0,0.0,0.0
796.0,540.0,853.0,567.0,824.0,553.0,2.42,2.62,0.0,0.0
763.0,535.0,763.0,535.0,763.0,535.0,-1.0,-1.0,0.0,0.0
763.0,535.0,763.0,535.0,763.0,535.0,-1.0,-1.0,0.0,0.0
815.0,520.0,857.0,572.0,836.0,546.0,2.45,2.66,0.0,0.0
837.0,500.0,885.0,543.0,861.0,521.0,-1.0,-1.0,0.0,0.0
856.0,518.0,881.0,543.0,868.0,530.0,-1.0,-1.0,0.0,0.0
859.0,529.0,886.0,523.0,872.0,526.0,2.57,2.49,0.0,0.0
842.0,542.0,842.0,542.0,842.0,542.0,-1.0,-1.0,0.0,0.0
849.0,539.0,849.0,539.0,849.0,539.0,-1.0,-1.0,0.0,0.0
852.0,529.0,885.0,532.0,868.0,530.0,2.47,2.58,0.0,0.0
849.0,533.0,849.0,533.0,849.0,533.0,-1.0,-1.0,0.0,0.0
836.0,537.0,860.0,567.0,848.0,552.0,-1.0,-1.0,0.0,0.0
832.0,555.0,856.0,580.0,844.0,567.0,2.58,2.59,0.0,0.0
824.0,543.0,846.0,585.0,835.0,564.0,-1.0,-1.0,0.0,0.0
-1.0,-1.0,-1.0,-1.0,-1.0,-1.0,-1.0,-1.0,-1.0,-1.0
822.0,529.0,849.0,579.0,835.0,554.0,2.51,2.59,0.0,0.0
828.0,531.0,828.0,531.0,828.0,531.0,-1.0,-1.0,0.0,0.0
823.0,534.0,823.0,534.0,823.0,534.0,-1.0,-1.0,0.0,0.0
830.0,548.0,841.0,555.0,835.0,551.0,2.56,2.59,0.0,0.0
831.0,544.0,831.0,544.0,831.0,544.0,-1.0,-1.0,0.0,0.0
853.0,544.0,890.0,566.0,871.0,555.0,-1.0,-1.0,0.0,0.0
857.0,552.0,889.0,572.0,873.0,562.0,2.67,2.62,0.0,0.0
857.0,557.0,886.0,582.0,871.0,569.0,-1.0,-1.0,0.0,0.0
821.0,558.0,821.0,558.0,821.0,558.0,-1.0,-1.0,0.0,0.0
880.0,590.0,880.0,590.0,880.0,590.0,2.62,2.62,0.0,0.0
825.0,568.0,825.0,568.0,825.0,568.0,-1.0,-1.0,0.0,0.0
856.0,559.0,853.0,577.0,854.0,568.0,-1.0,-1.0,0.0,0.0
845.0,540.0,863.0,549.0,854.0,544.0,2.5,2.46,0.0,0.0
839.0,541.0,839.0,541.0,839.0,541.0,-1.0,-1.0,0.0,0.0
800.0,555.0,898.0,540.0,849.0,547.0,-1.0,-1.0,0.0,0.0
806.0,552.0,891.0,560.0,848.0,556.0,2.45,2.51,0.0,0.0
803.0,548.0,803.0,548.0,803.0,548.0,-1.0,-1.0,0.0,0.0
819.0,530.0,819.0,530.0,819.0,530.0,-1.0,-1.0,0.0,0.0
816.0,541.0,886.0,548.0,851.0,544.0,2.5,2.44,0.0,0.0
819.0,545.0,819.0,545.0,819.0,545.0,-1.0,-1.0,0.0,0.0
816.0,545.0,870.0,536.0,843.0,540.0,-1.0,-1.0,0.0,0.0
807.0,530.0,862.0,552.0,834.0,541.0,2.41,2.56,0.0,0.0
805.0,531.0,805.0,531.0,805.0,531.0,-1.0,-1.0,0.0,0.0
796.0,541.0,838.0,576.0,817.0,558.0,-1.0,-1.0,0.0,0.0
803.0,549.0,841.0,568.0,822.0,558.0,2.46,2.47,0.0,0.0
800.0,546.0,800.0,546.0,800.0,546.0,-1.0,-1.0,0.0,0.0
-1.0,-1.0,-1.0,-1.0,-1.0,-1.0,-1.0,-1.0,-1.0,-1.0
800.0,545.0,840.0,575.0,820.0,560.0,2.45,2.56,0.0,0.0
-1.0,-1.0,-1.0,-1.0,-1.0,-1.0,-1.0,-1.0,-1.0,-1.0
788.0,533.0,834.0,578.0,811.0,555.0,-1.0,-1.0,0.0,0.0
835.0,569.0,835.0,569.0,835.0,569.0,2.48,2.48,0.0,0.0
804.0,534.0,804.0,534.0,804.0,534.0,-1.0,-1.0,0.0,0.0
-1.0,-1.0,-1.0,-1.0,-1.0,-1.0,-1.0,-1.0,-1.0,-1.0
801.0,536.0,839.0,593.0,820.0,564.0,2.49,2.65,0.0,0.0
796.0,531.0,796.0,531.0,796.0,531.0,-1.0,-1.0,0.0,0.0
810.0,541.0,846.0,564.0,828.0,552.0,-1.0,-1.0,0.0,0.0
842.0,538.0,842.0,538.0,842.0,538.0,2.52,2.52,0.0,0.0
804.0,548.0,841.0,537.0,822.0,542.0,-1.0,-1.0,0.0,0.0
801.0,540.0,801.0,540.0,801.0,540.0,-1.0,-1.0,0.0,0.0
839.0,551.0,839.0,551.0,839.0,551.0,2.57,2.57,0.0,0.0
775.0,534.0,775.0,534.0,775.0,534.0,-1.0,-1.0,0.0,0.0
850.0,551.0,850.0,551.0,850.0,551.0,-1.0,-1.0,0.0,0.0
805.0,541.0,842.0,585.0,823.0,563.0,2.41,2.49,0.0,0.0
808.0,541.0,808.0,541.0,808.0,541.0,-1.0,-1.0,0.0,0.0
808.0,552.0,839.0,537.0,823.0,544.0,-1.0,-1.0,0.0,0.0
809.0,561.0,846.0,562.0,827.0,561.0,2.51,2.57,0.0,0.0
801.0,563.0,801.0,563.0,801.0,563.0,-1.0,-1.0,0.0,0.0
805.0,570.0,805.0,570.0,805.0,570.0,-1.0,-1.0,0.0,0.0
804.0,567.0,848.0,575.0,826.0,571.0,2.5,2.64,0.0,0.0
810.0,566.0,810.0,566.0,810.0,566.0,-1.0,-1.0,0.0,0.0
806.0,559.0,806.0,559.0,806.0,559.0,-1.0,-1.0,0.0,0.0
837.0,539.0,837.0,539.0,837.0,539.0,2.55,2.55,0.0,0.0
805.0,549.0,799.0,569.0,802.0,559.0,-1.0,-1.0,0.0,0.0
803.0,549.0,825.0,566.0,814.0,557.0,-1.0,-1.0,0.0,0.0
826.0,564.0,826.0,564.0,826.0,564.0,2.5,2.5,0.0,0.0
778.0,535.0,876.0,535.0,827.0,535.0,-1.0,-1.0,0.0,0.0
-1.0,-1.0,-1.0,-1.0,-1.0,-1.0,-1.0,-1.0,-1.0,-1.0
803.0,561.0,876.0,548.0,839.0,554.0,2.55,2.53,0.0,0.0
794.0,565.0,794.0,565.0,794.0,565.0,-1.0,-1.0,0.0,0.0
802.0,556.0,802.0,556.0,802.0,556.0,-1.0,-1.0,0.0,0.0
851.0,496.0,851.0,496.0,851.0,496.0,2.43,2.43,0.0,0.0
806.0,550.0,806.0,550.0,806.0,550.0,-1.0,-1.0,0.0,0.0
803.0,546.0,803.0,546.0,803.0,546.0,-1.0,-1.0,0.0,0.0
802.0,540.0,827.0,527.0,814.0,533.0,2.48,2.53,0.0,0.0
800.0,548.0,800.0,548.0,800.0,548.0,-1.0,-1.0,0.0,0.0
780.0,588.0,873.0,549.0,826.0,568.0,-1.0,-1.0,0.0,0.0
-1.0,-1.0,-1.0,-1.0,-1.0,-1.0,-1.0,-1.0,-1.0,-1.0
794.0,586.0,794.0,586.0,794.0,586.0,-1.0,-1.0,0.0,0.0
809.0,551.0,894.0,558.0,851.0,554.0,-1.0,-1.0,0.0,0.0
804.0,549.0,890.0,558.0,847.0,553.0,2.5,2.51,0.0,0.0
765.0,550.0,765.0,550.0,765.0,550.0,-1.0,-1.0,0.0,0.0
754.0,555.0,883.0,559.0,818.0,557.0,-1.0,-1.0,0.0,0.0
751.0,543.0,885.0,575.0,818.0,559.0,2.46,2.6,0.0,0.0
784.0,554.0,784.0,554.0,784.0,554.0,-1.0,-1.0,0.0,0.0
774.0,552.0,865.0,565.0,819.0,558.0,-1.0,-1.0,0.0,0.0
778.0,561.0,871.0,576.0,824.0,568.0,2.46,2.66,0.0,0.0
790.0,543.0,846.0,568.0,818.0,555.0,-1.0,-1.0,0.0,0.0
817.0,541.0,862.0,568.0,839.0,554.0,-1.0,-1.0,0.0,0.0
817.0,529.0,859.0,543.0,838.0,536.0,2.46,2.51,0.0,0.0
-1.0,-1.0,-1.0,-1.0,-1.0,-1.0,-1.0,-1.0,-1.0,-1.0
789.0,526.0,789.0,526.0,789.0,526.0,-1.0,-1.0,0.0,0.0
789.0,518.0,848.0,532.0,818.0,525.0,2.4,2.49,0.0,0.0
785.0,520.0,875.0,559.0,830.0,539.0,-1.0,-1.0,0.0,0.0
793.0,530.0,868.0,597.0,830.0,563.0,-1.0,-1.0,0.0,0.0
800.0,563.0,869.0,594.0,834.0,578.0,2.61,2.47,0.0,0.0
800.0,570.0,800.0,570.0,800.0,570.0,-1.0,-1.0,0.0,0.0
799.0,602.0,799.0,602.0,799.0,602.0,-1.0,-1.0,0.0,0.0
766.0,536.0,864.0,602.0,815.0,569.0,2.44,2.53,0.0,0.0
768.0,553.0,768.0,553.0,768.0,553.0,-1.0,-1.0,0.0,0.0
818.0,595.0,818.0,595.0,818.0,595.0,-1.0,-1.0,0.0,0.0
763.0,565.0,819.0,589.0,791.0,577.0,2.48,2.53,0.0,0.0
762.0,590.0,762.0,590.0,762.0,590.0,-1.0,-1.0,0.0,0.0
766.0,558.0,766.0,558.0,766.0,558.0,-1.0,-1.0,0.0,0.0
826.0,604.0,826.0,604.0,826.0,604.0,2.64,2.64,0.0,0.0
791.0,553.0,812.0,619.0,801.0,586.0,-1.0,-1.0,0.0,0.0
763.0,557.0,836.0,569.0,799.0,563.0,-1.0,-1.0,0.0,0.0
829.0,534.0,850.0,541.0,839.0,537.0,2.44,2.6,0.0,0.0
832.0,529.0,832.0,529.0,832.0,529.0,-1.0,-1.0,0.0,0.0
812.0,530.0,850.0,570.0,831.0,550.0,-1.0,-1.0,0.0,0.0
847.0,574.0,847.0,574.0,847.0,574.0,2.59,2.59,0.0,0.0
805.0,526.0,805.0,526.0,805.0,526.0,-1.0,-1.0,0.0,0.0
798.0,527.0,838.0,581.0,818.0,554.0,-1.0,-1.0,0.0,0.0
796.0,543.0,835.0,570.0,815.0,556.0,2.48,2.54,0.0,0.0
801.0,538.0,801.0,538.0,801.0,538.0,-1.0,-1.0,0.0,0.0
772.0,552.0,843.0,544.0,807.0,548.0,-1.0,-1.0,0.0,0.0
772.0,562.0,848.0,534.0,810.0,548.0,2.52,2.53,0.0,0.0
768.0,556.0,768.0,556.0,768.0,556.0,-1.0,-1.0,0.0,0.0
788.0,566.0,788.0,566.0,788.0,566.0,-1.0,-1.0,0.0,0.0
837.0,537.0,837.0,537.0,837.0,537.0,2.53,2.53,0.0,0.0
790.0,576.0,790.0,576.0,790.0,576.0,-1.0,-1.0,0.0,0.0
797.0,551.0,839.0,535.0,818.0,543.0,-1.0,-1.0,0.0,0.0
792.0,542.0,834.0,543.0,813.0,542.0,2.5,2.61,0.0,0.0
791.0,541.0,791.0,541.0,791.0,541.0,-1.0,-1.0,0.0,0.0
794.0,544.0,838.0,546.0,816.0,545.0,-1.0,-1.0,0.0,0.0
794.0,517.0,843.0,539.0,818.0,528.0,2.28,2.55,0.0,0.0
782.0,512.0,824.0,570.0,803.0,541.0,-1.0,-1.0,0.0,0.0
784.0,510.0,784.0,510.0,784.0,510.0,-1.0,-1.0,0.0,0.0
801.0,545.0,832.0,565.0,816.0,555.0,2.52,2.54,0.0,0.0
-1.0,-1.0,-1.0,-1.0,-1.0,-1.0,-1.0,-1.0,-1.0,-1.0
785.0,543.0,839.0,524.0,812.0,533.0,-1.0,-1.0,0.0,0.0
768.0,531.0,813.0,579.0,790.0,555.0,2.53,2.61,0.0,0.0
-1.0,-1.0,-1.0,-1.0,-1.0,-1.0,-1.0,-1.0,-1.0,-1.0
829.0,537.0,834.0,557.0,831.0,547.0,-1.0,-1.0,0.0,0.0
837.0,536.0,831.0,551.0,834.0,543.0,2.41,2.61,0.0,0.0
-1.0,-1.0,-1.0,-1.0,-1.0,-1.0,-1.0,-1.0,-1.0,-1.0
813.0,606.0,813.0,606.0,813.0,606.0,-1.0,-1.0,0.0,0.0
814.0,627.0,833.0,530.0,823.0,578.0,2.51,2.52,0.0,0.0
777.0,587.0,828.0,566.0,802.0,576.0,-1.0,-1.0,0.0,0.0
792.0,550.0,792.0,550.0,792.0,550.0,-1.0,-1.0,0.0,0.0
817.0,598.0,817.0,598.0,817.0,598.0,2.57,2.57,0.0,0.0
-1.0,-1.0,-1.0,-1.0,-1.0,-1.0,-1.0,-1.0,-1.0,-1.0
796.0,546.0,796.0,546.0,796.0,546.0,-1.0,-1.0,0.0,0.0
794.0,542.0,821.0,604.0,807.0,573.0,2.49,2.64,0.0,0.0
-1.0,-1.0,-1.0,-1.0,-1.0,-1.0,-1.0,-1.0,-1.0,-1.0
-1.0,-1.0,-1.0,-1.0,-1.0,-1.0,-1.0,-1.0,-1.0,-1.0
845.0,563.0,823.0,546.0,834.0,554.0,2.51,2.54,0.0,0.0
790.0,552.0,790.0,552.0,790.0,552.0,-1.0,-1.0,0.0,0.0
786.0,554.0,786.0,554.0,786.0,554.0,-1.0,-1.0,0.0,0.0
830.0,562.0,830.0,562.0,830.0,562.0,2.6,2.6,0.0,0.0
776.0,542.0,776.0,542.0,776.0,542.0,-1.0,-1.0,0.0,0.0
779.0,541.0,779.0,541.0,779.0,541.0,-1.0,-1.0,0.0,0.0
778.0,552.0,833.0,531.0,805.0,541.0,2.51,2.57,0.0,0.0
773.0,559.0,773.0,559.0,773.0,559.0,-1.0,-1.0,0.0,0.0
866.0,542.0,866.0,542.0,866.0,542.0,-1.0,-1.0,0.0,0.0
767.0,535.0,854.0,554.0,810.0,544.0,2.4,2.57,0.0,0.0
788.0,533.0,788.0,533.0,788.0,533.0,-1.0,-1.0,0.0,0.0
782.0,545.0,855.0,558.0,818.0,551.0,-1.0,-1.0,0.0,0.0
790.0,566.0,873.0,555.0,831.0,560.0,2.55,2.57,0.0,0.0
784.0,572.0,784.0,572.0,784.0,572.0,-1.0,-1.0,0.0,0.0
787.0,561.0,878.0,555.0,832.0,558.0,-1.0,-1.0,0.0,0.0
786.0,554.0,885.0,559.0,835.0,556.0,2.48,2.61,0.0,0.0
799.0,545.0,850.0,566.0,824.0,555.0,-1.0,-1.0,0.0,0.0
804.0,546.0,804.0,546.0,804.0,546.0,-1.0,-1.0,0.0,0.0
817.0,526.0,856.0,558.0,836.0,542.0,2.35,2.48,0.0,0.0
810.0,535.0,880.0,522.0,845.0,528.0,-1.0,-1.0,0.0,0.0
793.0,568.0,873.0,502.0,833.0,535.0,-1.0,-1.0,0.0,0.0
872.0,508.0,872.0,508.0,872.0,508.0,2.47,2.47,0.0,0.0
776.0,561.0,858.0,553.0,817.0,557.0,-1.0,-1.0,0.0,0.0
-1.0,-1.0,-1.0,-1.0,-1.0,-1.0,-1.0,-1.0,-1.0,-1.0
777.0,567.0,854.0,551.0,815.0,559.0,2.39,2.51,0.0,0.0
807.0,551.0,807.0,551.0,807.0,551.0,-1.0,-1.0,0.0,0.0
799.0,524.0,799.0,524.0,799.0,524.0,-1.0,-1.0,0.0,0.0
800.0,521.0,828.0,571.0,814.0,546.0,2.34,2.58,0.0,0.0
787.0,547.0,827.0,573.0,807.0,560.0,-1.0,-1.0,0.0,0.0
-1.0,-1.0,-1.0,-1.0,-1.0,-1.0,-1.0,-1.0,-1.0,-1.0
787.0,561.0,831.0,579.0,809.0,570.0,2.46,2.6,0.0,0.0
779.0,537.0,779.0,537.0,779.0,537.0,-1.0,-1.0,0.0,0.0
786.0,541.0,857.0,585.0,821.0,563.0,-1.0,-1.0,0.0,0.0
857.0,576.0,857.0,576.0,857.0,576.0,2.51,2.51,0.0,0.0
795.0,549.0,795.0,549.0,795.0,549.0,-1.0,-1.0,0.0,0.0
789.0,554.0,789.0,554.0,789.0,554.0,-1.0,-1.0,0.0,0.0
790.0,542.0,865.0,572.0,827.0,557.0,2.41,2.54,0.0,0.0
791.0,548.0,791.0,548.0,791.0,548.0,-1.0,-1.0,0.0,0.0
793.0,557.0,876.0,567.0,834.0,562.0,-1.0,-1.0,0.0,0.0
787.0,566.0,873.0,572.0,830.0,569.0,2.51,2.58,0.0,0.0
787.0,562.0,863.0,578.0,825.0,570.0,-1.0,-1.0,0.0,0.0
799.0,544.0,821.0,610.0,810.0,577.0,-1.0,-1.0,0.0,0.0
805.0,529.0,832.0,611.0,818.0,570.0,2.43,2.66,0.0,0.0
804.0,530.0,804.0,530.0,804.0,530.0,-1.0,-1.0,0.0,0.0
777.0,525.0,858.0,567.0,817.0,546.0,-1.0,-1.0,0.0,0.0
782.0,532.0,858.0,560.0,820.0,546.0,2.47,2.6,0.0,0.0
768.0,541.0,768.0,541.0,768.0,541.0,-1.0,-1.0,0.0,0.0
781.0,548.0,856.0,556.0,818.0,552.0,-1.0,-1.0,0.0,0.0
782.0,556.0,852.0,558.0,817.0,557.0,2.51,2.62,0.0,0.0
800.0,534.0,829.0,566.0,814.0,550.0,-1.0,-1.0,0.0,0.0
801.0,531.0,848.0,559.0,824.0,545.0,-1.0,-1.0,0.0,0.0
800.0,528.0,848.0,551.0,824.0,539.0,2.49,2.56,0.0,0.0
794.0,533.0,794.0,533.0,794.0,533.0,-1.0,-1.0,0.0,0.0
804.0,526.0,830.0,553.0,817.0,539.0,-1.0,-1.0,0.0,0.0
801.0,493.0,825.0,551.0,813.0,522.0,2.3,2.58,0.0,0.0
-1.0,-1.0,-1.0,-1.0,-1.0,-1.0,-1.0,-1.0,-1.0,-1.0
795.0,501.0,839.0,551.0,817.0,526.0,-1.0,-1.0,0.0,0.0
800.0,523.0,845.0,549.0,822.0,536.0,2.45,2.54,0.0,0.0
-1.0,-1.0,-1.0,-1.0,-1.0,-1.0,-1.0,-1.0,-1.0,-1.0
856.0,530.0,856.0,530.0,856.0,530.0,-1.0,-1.0,0.0,0.0
860.0,541.0,849.0,541.0,854.0,541.0,2.49,2.5,0.0,0.0
791.0,534.0,829.0,575.0,810.0,554.0,-1.0,-1.0,0.0,0.0
788.0,531.0,844.0,561.0,816.0,546.0,-1.0,-1.0,0.0,0.0
783.0,528.0,850.0,558.0,816.0,543.0,2.43,2.44,0.0,0.0
797.0,516.0,797.0,516.0,797.0,516.0,-1.0,-1.0,0.0,0.0
799.0,523.0,848.0,562.0,823.0,542.0,-1.0,-1.0,0.0,0.0
797.0,525.0,839.0,574.0,818.0,549.0,2.47,2.58,0.0,0.0
786.0,539.0,843.0,579.0,814.0,559.0,-1.0,-1.0,0.0,0.0
773.0,543.0,827.0,577.0,800.0,560.0,-1.0,-1.0,0.0,0.0
775.0,549.0,831.0,567.0,803.0,558.0,2.46,2.55,0.0,0.0
788.0,543.0,788.0,543.0,788.0,543.0,-1.0,-1.0,0.0,0.0
805.0,541.0,846.0,564.0,825.0,552.0,-1.0,-1.0,0.0,0.0
824.0,538.0,841.0,576.0,832.0,557.0,2.44,2.54,0.0,0.0
828.0,548.0,828.0,548.0,828.0,548.0,-1.0,-1.0,0.0,0.0
-1.0,-1.0,-1.0,-1.0,-1.0,-1.0,-1.0,-1.0,-1.0,-1.0
826.0,560.0,855.0,554.0,840.0,557.0,2.51,2.6,0.0,0.0
827.0,555.0,827.0,555.0,827.0,555.0,-1.0,-1.0,0.0,0.0
817.0,545.0,849.0,553.0,833.0,549.0,-1.0,-1.0,0.0,0.0
818.0,541.0,856.0,536.0,837.0,538.0,2.54,2.48,0.0,0.0
-1.0,-1.0,-1.0,-1.0,-1.0,-1.0,-1.0,-1.0,-1.0,-1.0
837.0,534.0,866.0,537.0,851.0,535.0,-1.0,-1.0,0.0,0.0
837.0,539.0,859.0,531.0,848.0,535.0,2.49,2.5,0.0,0.0
822.0,540.0,851.0,529.0,836.0,534.0,-1.0,-1.0,0.0,0.0
806.0,543.0,852.0,533.0,829.0,538.0,-1.0,-1.0,0.0,0.0
804.0,537.0,854.0,540.0,829.0,538.0,2.46,2.53,0.0,0.0
794.0,535.0,794.0,535.0,794.0,535.0,-1.0,-1.0,0.0,0.0
783.0,541.0,783.0,541.0,783.0,541.0,-1.0,-1.0,0.0,0.0
781.0,535.0,856.0,535.0,818.0,535.0,2.46,2.49,0.0,0.0
795.0,545.0,795.0,545.0,795.0,545.0,-1.0,-1.0,0.0,0.0
803.0,538.0,868.0,531.0,835.0,534.0,-1.0,-1.0,0.0,0.0
809.0,552.0,872.0,525.0,840.0,538.0,2.53,2.47,0.0,0.0
812.0,548.0,859.0,542.0,835.0,545.0,-1.0,-1.0,0.0,0.0
824.0,556.0,863.0,552.0,843.0,554.0,-1.0,-1.0,0.0,0.0
813.0,546.0,860.0,561.0,836.0,553.0,2.47,2.52,0.0,0.0
-1.0,-1.0,-1.0,-1.0,-1.0,-1.0,-1.0,-1.0,-1.0,-1.0
764.0,543.0,847.0,578.0,805.0,560.0,-1.0,-1.0,0.0,0.0
767.0,541.0,850.0,579.0,808.0,560.0,2.47,2.52,0.0,0.0
762.0,558.0,762.0,558.0,762.0,558.0,-1.0,-1.0,0.0,0.0
763.0,523.0,860.0,540.0,811.0,531.0,-1.0,-1.0,0.0,0.0
766.0,542.0,865.0,547.0,815.0,544.0,2.55,2.56,0.0,0.0
-1.0,-1.0,-1.0,-1.0,-1.0,-1.0,-1.0,-1.0,-1.0,-1.0
782.0,544.0,855.0,548.0,818.0,546.0,-1.0,-1.0,0.0,0.0
783.0,540.0,859.0,580.0,821.0,560.0,2.51,2.77,0.0,0.0
791.0,536.0,843.0,590.0,817.0,563.0,-1.0,-1.0,0.0,0.0
779.0,535.0,779.0,535.0,779.0,535.0,-1.0,-1.0,0.0,0.0
777.0,523.0,838.0,560.0,807.0,541.0,2.46,2.63,0.0,0.0
768.0,526.0,768.0,526.0,768.0,526.0,-1.0,-1.0,0.0,0.0
778.0,527.0,869.0,565.0,823.0,546.0,-1.0,-1.0,0.0,0.0
778.0,536.0,873.0,567.0,825.0,551.0,2.56,2.59,0.0,0.0
776.0,544.0,776.0,544.0,776.0,544.0,-1.0,-1.0,0.0,0.0
770.0,545.0,850.0,555.0,810.0,550.0,-1.0,-1.0,0.0,0.0
765.0,540.0,848.0,558.0,806.0,549.0,2.5,2.63,0.0,0.0
773.0,540.0,773.0,540.0,773.0,540.0,-1.0,-1.0,0.0,0.0
781.0,546.0,781.0,546.0,781.0,546.0,-1.0,-1.0,0.0,0.0
786.0,562.0,845.0,537.0,815.0,549.0,2.59,2.39,0.0,0.0
792.0,571.0,829.0,507.0,810.0,539.0,-1.0,-1.0,0.0,0.0
789.0,573.0,789.0,573.0,789.0,573.0,-1.0,-1.0,0.0,0.0
776.0,566.0,826.0,535.0,801.0,550.0,2.49,2.55,0.0,0.0
787.0,578.0,787.0,578.0,787.0,578.0,-1.0,-1.0,0.0,0.0
773.0,563.0,830.0,512.0,801.0,537.0,-1.0,-1.0,0.0,0.0
778.0,555.0,830.0,517.0,804.0,536.0,2.55,2.59,0.0,0.0
764.0,531.0,764.0,531.0,764.0,531.0,-1.0,-1.0,0.0,0.0
777.0,538.0,906.0,570.0,841.0,554.0,-1.0,-1.0,0.0,0.0
797.0,545.0,900.0,555.0,848.0,550.0,2.56,2.51,0.0,0.0
-1.0,-1.0,-1.0,-1.0,-1.0,-1.0,-1.0,-1.0,-1.0,-1.0
871.0,550.0,871.0,550.0,871.0,550.0,-1.0,-1.0,0.0,0.0
875.0,544.0,875.0,544.0,875.0,544.0,2.48,2.48,0.0,0.0
-1.0,-1.0,-1.0,-1.0,-1.0,-1.0,-1.0,-1.0,-1.0,-1.0
846.0,569.0,871.0,542.0,858.0,555.0,-1.0,-1.0,0.0,0.0
838.0,549.0,870.0,549.0,854.0,549.0,2.43,2.61,0.0,0.0
814.0,542.0,814.0,542.0,814.0,542.0,-1.0,-1.0,0.0,0.0
798.0,529.0,859.0,544.0,828.0,536.0,-1.0,-1.0,0.0,0.0
853.0,566.0,853.0,566.0,853.0,566.0,2.63,2.63,0.0,0.0
775.0,530.0,775.0,530.0,775.0,530.0,-1.0,-1.0,0.0,0.0
773.0,551.0,773.0,551.0,773.0,551.0,-1.0,-1.0,0.0,0.0
775.0,557.0,852.0,535.0,813.0,546.0,2.51,2.47,0.0,0.0
779.0,550.0,779.0,550.0,779.0,550.0,-1.0,-1.0,0.0,0.0
789.0,522.0,866.0,540.0,827.0,531.0,-1.0,-1.0,0.0,0.0
778.0,528.0,862.0,558.0,820.0,543.0,2.52,2.67,0.0,0.0
777.0,540.0,777.0,540.0,777.0,540.0,-1.0,-1.0,0.0,0.0
755.0,565.0,755.0,565.0,755.0,565.0,-1.0,-1.0,0.0,0.0
757.0,561.0,855.0,552.0,806.0,556.0,2.5,2.58,0.0,0.0
-1.0,-1.0,-1.0,-1.0,-1.0,-1.0,-1.0,-1.0,-1.0,-1.0
775.0,551.0,775.0,551.0,775.0,551.0,-1.0,-1.0,0.0,0.0
777.0,553.0,798.0,523.0,787.0,538.0,2.52,2.53,0.0,0.0
781.0,556.0,781.0,556.0,781.0,556.0,-1.0,-1.0,0.0,0.0
-1.0,-1.0,-1.0,-1.0,-1.0,-1.0,-1.0,-1.0,-1.0,-1.0
768.0,542.0,800.0,521.0,784.0,531.0,2.4,2.51,0.0,0.0
765.0,520.0,784.0,574.0,774.0,547.0,-1.0,-1.0,0.0,0.0
727.0,495.0,727.0,495.0,727.0,495.0,-1.0,-1.0,0.0,0.0
728.0,494.0,781.0,579.0,754.0,536.0,2.44,2.57,0.0,0.0
-1.0,-1.0,-1.0,-1.0,-1.0,-1.0,-1.0,-1.0,-1.0,-1.0
844.0,580.0,844.0,580.0,844.0,580.0,-1.0,-1.0,0.0,0.0
735.0,532.0,843.0,575.0,789.0,553.0,2.65,2.51,0.0,0.0
-1.0,-1.0,-1.0,-1.0,-1.0,-1.0,-1.0,-1.0,-1.0,-1.0
819.0,608.0,839.0,535.0,829.0,571.0,-1.0,-1.0,0.0,0.0
840.0,545.0,840.0,545.0,840.0,545.0,2.6,2.6,0.0,0.0
779.0,581.0,779.0,581.0,779.0,581.0,-1.0,-1.0,0.0,0.0
-1.0,-1.0,-1.0,-1.0,-1.0,-1.0,-1.0,-1.0,-1.0,-1.0
772.0,557.0,828.0,533.0,800.0,545.0,2.57,2.52,0.0,0.0
762.0,557.0,817.0,585.0,789.0,571.0,-1.0,-1.0,0.0,0.0
813.0,583.0,813.0,583.0,813.0,583.0,-1.0,-1.0,0.0,0.0
722.0,551.0,834.0,547.0,778.0,549.0,2.46,2.64,0.0,0.0
724.0,559.0,819.0,562.0,771.0,560.0,-1.0,-1.0,0.0,0.0
782.0,551.0,818.0,564.0,800.0,557.0,-1.0,-1.0,0.0,0.0
780.0,539.0,815.0,561.0,797.0,550.0,2.47,2.61,0.0,0.0
-1.0,-1.0,-1.0,-1.0,-1.0,-1.0,-1.0,-1.0,-1.0,-1.0
755.0,543.0,786.0,589.0,770.0,566.0,-1.0,-1.0,0.0,0.0
754.0,548.0,785.0,581.0,769.0,564.0,2.44,2.51,0.0,0.0
756.0,558.0,756.0,558.0,756.0,558.0,-1.0,-1.0,0.0,0.0
757.0,565.0,823.0,532.0,790.0,548.0,-1.0,-1.0,0.0,0.0
758.0,579.0,834.0,566.0,796.0,572.0,2.53,2.71,0.0,0.0
-1.0,-1.0,-1.0,-1.0,-1.0,-1.0,-1.0,-1.0,-1.0,-1.0
758.0,580.0,826.0,563.0,792.0,571.0,-1.0,-1.0,0.0,0.0
758.0,563.0,819.0,524.0,788.0,543.0,2.49,2.53,0.0,0.0
748.0,547.0,748.0,547.0,748.0,547.0,-1.0,-1.0,0.0,0.0
819.0,529.0,819.0,529.0,819.0,529.0,-1.0,-1.0,0.0,0.0
760.0,555.0,843.0,557.0,801.0,556.0,2.47,2.62,0.0,0.0
794.0,545.0,843.0,557.0,818.0,551.0,-1.0,-1.0,0.0,0.0
853.0,578.0,853.0,578.0,853.0,578.0,-1.0,-1.0,0.0,0.0
791.0,563.0,856.0,585.0,823.0,574.0,2.72,2.66,0.0,0.0
785.0,572.0,837.0,582.0,811.0,577.0,-1.0,-1.0,0.0,0.0
832.0,576.0,838.0,584.0,835.0,580.0,-1.0,-1.0,0.0,0.0
824.0,559.0,841.0,579.0,832.0,569.0,2.58,2.63,0.0,0.0
811.0,555.0,854.0,591.0,832.0,573.0,-1.0,-1.0,0.0,0.0
832.0,548.0,842.0,612.0,837.0,580.0,-1.0,-1.0,0.0,0.0
831.0,548.0,839.0,647.0,835.0,597.0,2.57,2.56,0.0,0.0
844.0,550.0,844.0,614.0,844.0,582.0,-1.0,-1.0,0.0,0.0
812.0,547.0,868.0,592.0,840.0,569.0,-1.0,-1.0,0.0,0.0
816.0,550.0,872.0,608.0,844.0,579.0,2.61,2.68,0.0,0.0
804.0,558.0,804.0,558.0,804.0,558.0,-1.0,-1.0,0.0,0.0
861.0,556.0,861.0,556.0,861.0,556.0,-1.0,-1.0,0.0,0.0
803.0,552.0,852.0,601.0,827.0,576.0,2.56,2.68,0.0,0.0
-1.0,-1.0,-1.0,-1.0,-1.0,-1.0,-1.0,-1.0,-1.0,-1.0
783.0,589.0,872.0,580.0,827.0,584.0,-1.0,-1.0,0.0,0.0
782.0,589.0,878.0,568.0,830.0,578.0,2.55,2.64,0.0,0.0
772.0,592.0,772.0,592.0,772.0,592.0,-1.0,-1.0,0.0,0.0
785.0,582.0,785.0,582.0,785.0,582.0,-1.0,-1.0,0.0,0.0
787.0,580.0,871.0,580.0,829.0,580.0,2.56,2.74,0.0,0.0
798.0,573.0,857.0,603.0,827.0,588.0,-1.0,-1.0,0.0,0.0
806.0,555.0,854.0,591.0,830.0,573.0,-1.0,-1.0,0.0,0.0
857.0,592.0,857.0,592.0,857.0,592.0,2.69,2.69,0.0,0.0
813.0,545.0,813.0,545.0,813.0,545.0,-1.0,-1.0,0.0,0.0
817.0,536.0,857.0,596.0,837.0,566.0,-1.0,-1.0,0.0,0.0
806.0,536.0,848.0,589.0,827.0,562.0,2.57,2.67,0.0,0.0
781.0,539.0,850.0,573.0,815.0,556.0,-1.0,-1.0,0.0,0.0
792.0,544.0,792.0,544.0,792.0,544.0,-1.0,-1.0,0.0,0.0
798.0,549.0,850.0,571.0,824.0,560.0,2.58,2.68,0.0,0.0
806.0,559.0,806.0,559.0,806.0,559.0,-1.0,-1.0,0.0,0.0
786.0,580.0,786.0,580.0,786.0,580.0,-1.0,-1.0,0.0,0.0
780.0,569.0,825.0,554.0,802.0,561.0,2.5,2.63,0.0,0.0
757.0,563.0,757.0,563.0,757.0,563.0,-1.0,-1.0,0.0,0.0
749.0,529.0,840.0,541.0,794.0,535.0,-1.0,-1.0,0.0,0.0
751.0,532.0,827.0,585.0,789.0,558.0,2.55,2.73,0.0,0.0
769.0,534.0,842.0,595.0,805.0,564.0,-1.0,-1.0,0.0,0.0
776.0,564.0,852.0,601.0,814.0,582.0,-1.0,-1.0,0.0,0.0
781.0,577.0,853.0,586.0,817.0,581.0,2.58,2.62,0.0,0.0
767.0,579.0,767.0,579.0,767.0,579.0,-1.0,-1.0,0.0,0.0
769.0,555.0,871.0,591.0,820.0,573.0,-1.0,-1.0,0.0,0.0
768.0,545.0,871.0,587.0,819.0,566.0,2.51,2.56,0.0,0.0
788.0,548.0,866.0,578.0,827.0,563.0,-1.0,-1.0,0.0,0.0
845.0,571.0,845.0,571.0,845.0,571.0,-1.0,-1.0,0.0,0.0
786.0,544.0,845.0,582.0,815.0,563.0,2.54,2.67,0.0,0.0
789.0,556.0,789.0,556.0,789.0,556.0,-1.0,-1.0,0.0,0.0
798.0,558.0,853.0,587.0,825.0,572.0,-1.0,-1.0,0.0,0.0
792.0,553.0,858.0,574.0,825.0,563.0,2.51,2.52,0.0,0.0
794.0,543.0,794.0,543.0,794.0,543.0,-1.0,-1.0,0.0,0.0
882.0,545.0,882.0,545.0,882.0,545.0,-1.0,-1.0,0.0,0.0
794.0,550.0,882.0,540.0,838.0,545.0,2.52,2.47,0.0,0.0
815.0,575.0,815.0,575.0,815.0,575.0,-1.0,-1.0,0.0,0.0
801.0,576.0,861.0,532.0,831.0,554.0,-1.0,-1.0,0.0,0.0
807.0,596.0,868.0,524.0,837.0,560.0,2.6,2.45,0.0,0.0
785.0,570.0,785.0,570.0,785.0,570.0,-1.0,-1.0,0.0,0.0
799.0,570.0,878.0,531.0,838.0,550.0,-1.0,-1.0,0.0,0.0
798.0,551.0,870.0,551.0,834.0,551.0,2.5,2.54,0.0,0.0
764.0,550.0,764.0,550.0,764.0,550.0,-1.0,-1.0,0.0,0.0
772.0,549.0,889.0,553.0,830.0,551.0,-1.0,-1.0,0.0,0.0
771.0,565.0,886.0,554.0,828.0,559.0,2.59,2.57,0.0,0.0
846.0,615.0,846.0,615.0,846.0,615.0,-1.0,-1.0,0.0,0.0
823.0,653.0,883.0,550.0,853.0,601.0,-1.0,-1.0,0.0,0.0
824.0,638.0,876.0,558.0,850.0,598.0,2.49,2.68,0.0,0.0
801.0,586.0,801.0,586.0,801.0,586.0,-1.0,-1.0,0.0,0.0
818.0,560.0,840.0,586.0,829.0,573.0,-1.0,-1.0,0.0,0.0
817.0,547.0,851.0,591.0,834.0,569.0,2.39,2.68,0.0,0.0
806.0,549.0,806.0,549.0,806.0,549.0,-1.0,-1.0,0.0,0.0
798.0,533.0,886.0,572.0,842.0,552.0,-1.0,-1.0,0.0,0.0
795.0,546.0,885.0,563.0,840.0,554.0,2.46,2.56,0.0,0.0
795.0,549.0,861.0,586.0,828.0,567.0,-1.0,-1.0,0.0,0.0
817.0,556.0,844.0,581.0,830.0,568.0,-1.0,-1.0,0.0,0.0
816.0,537.0,843.0,567.0,829.0,552.0,2.45,2.52,0.0,0.0
802.0,539.0,802.0,539.0,802.0,539.0,-1.0,-1.0,0.0,0.0
789.0,537.0,844.0,567.0,816.0,552.0,-1.0,-1.0,0.0,0.0
789.0,553.0,844.0,568.0,816.0,560.0,2.51,2.65,0.0,0.0
806.0,550.0,806.0,550.0,806.0,550.0,-1.0,-1.0,0.0,0.0
-1.0,-1.0,-1.0,-1.0,-1.0,-1.0,-1.0,-1.0,-1.0,-1.0
800.0,529.0,858.0,539.0,829.0,534.0,2.41,2.55,0.0,0.0
-1.0,-1.0,-1.0,-1.0,-1.0,-1.0,-1.0,-1.0,-1.0,-1.0
862.0,546.0,862.0,546.0,862.0,546.0,-1.0,-1.0,0.0,0.0
776.0,561.0,863.0,567.0,819.0,564.0,2.52,2.67,0.0,0.0
760.0,567.0,760.0,567.0,760.0,567.0,-1.0,-1.0,0.0,0.0
814.0,549.0,814.0,549.0,814.0,549.0,-1.0,-1.0,0.0,0.0
861.0,556.0,861.0,556.0,861.0,556.0,2.67,2.67,0.0,0.0
832.0,539.0,835.0,576.0,833.0,557.0,-1.0,-1.0,0.0,0.0
799.0,597.0,799.0,597.0,799.0,597.0,-1.0,-1.0,0.0,0.0
784.0,536.0,801.0,579.0,792.0,557.0,2.47,2.59,0.0,0.0
785.0,539.0,785.0,539.0,785.0,539.0,-1.0,-1.0,0.0,0.0
791.0,541.0,811.0,587.0,801.0,564.0,-1.0,-1.0,0.0,0.0
789.0,545.0,815.0,582.0,802.0,563.0,2.52,2.58,0.0,0.0
788.0,547.0,788.0,547.0,788.0,547.0,-1.0,-1.0,0.0,0.0
786.0,554.0,822.0,528.0,804.0,541.0,-1.0,-1.0,0.0,0.0
786.0,562.0,817.0,544.0,801.0,553.0,2.49,2.68,0.0,0.0
769.0,567.0,769.0,567.0,769.0,567.0,-1.0,-1.0,0.0,0.0
783.0,558.0,853.0,557.0,818.0,557.0,-1.0,-1.0,0.0,0.0
781.0,550.0,856.0,582.0,818.0,566.0,2.48,2.76,0.0,0.0
783.0,536.0,783.0,536.0,783.0,536.0,-1.0,-1.0,0.0,0.0
759.0,525.0,852.0,581.0,805.0,553.0,-1.0,-1.0,0.0,0.0
849.0,555.0,849.0,555.0,849.0,555.0,2.65,2.65,0.0,0.0
760.0,540.0,825.0,573.0,792.0,556.0,-1.0,-1.0,0.0,0.0
-1.0,-1.0,-1.0,-1.0,-1.0,-1.0,-1.0,-1.0,-1.0,-1.0
772.0,551.0,833.0,569.0,802.0,560.0,2.55,2.66,0.0,0.0
-1.0,-1.0,-1.0,-1.0,-1.0,-1.0,-1.0,-1.0,-1.0,-1.0
815.0,584.0,815.0,584.0,815.0,584.0,-1.0,-1.0,0.0,0.0
758.0,562.0,808.0,583.0,783.0,572.0,2.56,2.6,0.0,0.0
787.0,556.0,787.0,556.0,787.0,556.0,-1.0,-1.0,0.0,0.0
806.0,555.0,849.0,546.0,827.0,550.0,-1.0,-1.0,0.0,0.0
798.0,543.0,854.0,544.0,826.0,543.0,2.44,2.62,0.0,0.0
779.0,540.0,823.0,581.0,801.0,560.0,-1.0,-1.0,0.0,0.0
773.0,553.0,845.0,545.0,809.0,549.0,-1.0,-1.0,0.0,0.0
785.0,555.0,838.0,550.0,811.0,552.0,2.51,2.61,0.0,0.0
780.0,557.0,812.0,578.0,796.0,567.0,-1.0,-1.0,0.0,0.0
780.0,534.0,813.0,589.0,796.0,561.0,-1.0,-1.0,0.0,0.0
773.0,536.0,815.0,596.0,794.0,566.0,2.52,2.67,0.0,0.0
781.0,538.0,781.0,538.0,781.0,538.0,-1.0,-1.0,0.0,0.0
778.0,539.0,826.0,589.0,802.0,564.0,-1.0,-1.0,0.0,0.0
787.0,548.0,821.0,584.0,804.0,566.0,2.55,2.63,0.0,0.0
772.0,540.0,845.0,577.0,808.0,558.0,-1.0,-1.0,0.0,0.0
784.0,545.0,842.0,574.0,813.0,559.0,-1.0,-1.0,0.0,0.0
778.0,528.0,848.0,570.0,813.0,549.0,2.48,2.63,0.0,0.0
806.0,515.0,835.0,570.0,820.0,542.0,-1.0,-1.0,0.0,0.0
799.0,515.0,839.0,569.0,819.0,542.0,-1.0,-1.0,0.0,0.0
803.0,522.0,840.0,572.0,821.0,547.0,2.52,2.68,0.0,0.0
803.0,541.0,803.0,541.0,803.0,541.0,-1.0,-1.0,0.0,0.0
806.0,545.0,834.0,573.0,820.0,559.0,-1.0,-1.0,0.0,0.0
798.0,539.0,826.0,567.0,812.0,553.0,2.54,2.66,0.0,0.0
794.0,527.0,825.0,580.0,809.0,553.0,-1.0,-1.0,0.0,0.0
832.0,579.0,832.0,579.0,832.0,579.0,-1.0,-1.0,0.0,0.0
798.0,540.0,834.0,575.0,816.0,557.0,2.56,2.58,0.0,0.0
791.0,551.0,846.0,553.0,818.0,552.0,-1.0,-1.0,0.0,0.0
787.0,546.0,831.0,564.0,809.0,555.0,-1.0,-1.0,0.0,0.0
786.0,539.0,833.0,572.0,809.0,555.0,2.57,2.63,0.0,0.0
786.0,545.0,845.0,608.0,815.0,576.0,-1.0,-1.0,0.0,0.0
796.0,546.0,846.0,547.0,821.0,546.0,-1.0,-1.0,0.0,0.0
796.0,546.0,845.0,530.0,820.0,538.0,2.54,2.53,0.0,0.0
797.0,539.0,797.0,539.0,797.0,539.0,-1.0,-1.0,0.0,0.0
799.0,535.0,841.0,607.0,820.0,571.0,-1.0,-1.0,0.0,0.0
816.0,534.0,849.0,619.0,832.0,576.0,2.58,2.67,0.0,0.0
806.0,534.0,806.0,534.0,806.0,534.0,-1.0,-1.0,0.0,0.0
-1.0,-1.0,-1.0,-1.0,-1.0,-1.0,-1.0,-1.0,-1.0,-1.0
809.0,528.0,843.0,553.0,826.0,540.0,2.56,2.51,0.0,0.0
799.0,524.0,830.0,580.0,814.0,552.0,-1.0,-1.0,0.0,0.0
805.0,522.0,840.0,553.0,822.0,537.0,-1.0,-1.0,0.0,0.0
809.0,532.0,837.0,558.0,823.0,545.0,2.61,2.6,0.0,0.0
829.0,533.0,838.0,554.0,833.0,543.0,-1.0,-1.0,0.0,0.0
-1.0,-1.0,-1.0,-1.0,-1.0,-1.0,-1.0,-1.0,-1.0,-1.0
826.0,540.0,836.0,562.0,831.0,551.0,2.66,2.63,0.0,0.0
829.0,541.0,829.0,541.0,829.0,541.0,-1.0,-1.0,0.0,0.0
847.0,555.0,847.0,555.0,847.0,555.0,-1.0,-1.0,0.0,0.0
770.0,530.0,852.0,550.0,811.0,540.0,2.58,2.61,0.0,0.0
768.0,524.0,768.0,524.0,768.0,524.0,-1.0,-1.0,0.0,0.0
818.0,521.0,858.0,538.0,838.0,529.0,-1.0,-1.0,0.0,0.0
825.0,532.0,865.0,525.0,845.0,528.0,2.63,2.54,0.0,0.0
832.0,543.0,853.0,551.0,842.0,547.0,-1.0,-1.0,0.0,0.0
-1.0,-1.0,-1.0,-1.0,-1.0,-1.0,-1.0,-1.0,-1.0,-1.0
831.0,538.0,842.0,548.0,836.0,543.0,2.61,2.52,0.0,0.0
-1.0,-1.0,-1.0,-1.0,-1.0,-1.0,-1.0,-1.0,-1.0,-1.0
813.0,540.0,839.0,546.0,826.0,543.0,-1.0,-1.0,0.0,0.0
807.0,538.0,840.0,570.0,823.0,554.0,2.54,2.66,0.0,0.0
791.0,540.0,840.0,548.0,815.0,544.0,-1.0,-1.0,0.0,0.0
845.0,553.0,845.0,553.0,845.0,553.0,-1.0,-1.0,0.0,0.0
795.0,554.0,843.0,549.0,819.0,551.0,2.64,2.64,0.0,0.0
807.0,548.0,807.0,548.0,807.0,548.0,-1.0,-1.0,0.0,0.0
789.0,583.0,851.0,550.0,820.0,566.0,-1.0,-1.0,0.0,0.0
785.0,561.0,868.0,559.0,826.0,560.0,2.59,2.69,0.0,0.0
-1.0,-1.0,-1.0,-1.0,-1.0,-1.0,-1.0,-1.0,-1.0,-1.0
793.0,535.0,793.0,535.0,793.0,535.0,-1.0,-1.0,0.0,0.0
796.0,533.0,896.0,548.0,846.0,540.0,2.58,2.55,0.0,0.0
786.0,537.0,898.0,530.0,842.0,533.0,-1.0,-1.0,0.0,0.0
788.0,544.0,889.0,532.0,838.0,538.0,-1.0,-1.0,0.0,0.0
787.0,565.0,888.0,548.0,837.0,556.0,2.63,2.66,0.0,0.0
819.0,573.0,819.0,573.0,819.0,573.0,-1.0,-1.0,0.0,0.0
819.0,571.0,905.0,520.0,862.0,545.0,-1.0,-1.0,0.0,0.0
817.0,562.0,901.0,514.0,859.0,538.0,2.57,2.62,0.0,0.0
797.0,557.0,797.0,557.0,797.0,557.0,-1.0,-1.0,0.0,0.0
788.0,545.0,859.0,556.0,823.0,550.0,-1.0,-1.0,0.0,0.0
792.0,544.0,862.0,538.0,827.0,541.0,2.57,2.53,0.0,0.0
783.0,546.0,857.0,561.0,820.0,553.0,-1.0,-1.0,0.0,0.0
784.0,549.0,858.0,559.0,821.0,554.0,-1.0,-1.0,0.0,0.0
785.0,533.0,863.0,567.0,824.0,550.0,2.51,2.54,0.0,0.0
787.0,528.0,787.0,528.0,787.0,528.0,-1.0,-1.0,0.0,0.0
788.0,533.0,875.0,568.0,831.0,550.0,-1.0,-1.0,0.0,0.0
783.0,530.0,875.0,566.0,829.0,548.0,2.45,2.57,0.0,0.0
793.0,528.0,793.0,528.0,793.0,528.0,-1.0,-1.0,0.0,0.0
873.0,543.0,873.0,543.0,873.0,543.0,-1.0,-1.0,0.0,0.0
791.0,549.0,871.0,549.0,831.0,549.0,2.59,2.6,0.0,0.0
784.0,554.0,784.0,554.0,784.0,554.0,-1.0,-1.0,0.0,0.0
786.0,561.0,864.0,542.0,825.0,551.0,-1.0,-1.0,0.0,0.0
792.0,564.0,860.0,532.0,826.0,548.0,2.59,2.59,0.0,0.0
802.0,559.0,856.0,531.0,829.0,545.0,-1.0,-1.0,0.0,0.0
810.0,554.0,834.0,520.0,822.0,537.0,-1.0,-1.0,0.0,0.0
806.0,557.0,859.0,551.0,832.0,554.0,2.62,2.61,0.0,0.0
782.0,571.0,782.0,571.0,782.0,571.0,-1.0,-1.0,0.0,0.0
777.0,561.0,855.0,554.0,816.0,557.0,-1.0,-1.0,0.0,0.0
855.0,561.0,855.0,561.0,855.0,561.0,2.65,2.65,0.0,0.0
787.0,546.0,787.0,546.0,787.0,546.0,-1.0,-1.0,0.0,0.0
831.0,587.0,831.0,587.0,831.0,587.0,-1.0,-1.0,0.0,0.0
789.0,529.0,827.0,582.0,808.0,555.0,2.49,2.63,0.0,0.0
797.0,531.0,797.0,531.0,797.0,531.0,-1.0,-1.0,0.0,0.0
799.0,548.0,851.0,563.0,825.0,555.0,-1.0,-1.0,0.0,0.0
797.0,558.0,858.0,561.0,827.0,559.0,2.58,2.62,0.0,0.0
784.0,554.0,845.0,554.0,814.0,554.0,-1.0,-1.0,0.0,0.0
789.0,537.0,826.0,575.0,807.0,556.0,-1.0,-1.0,0.0,0.0
792.0,528.0,828.0,573.0,810.0,550.0,2.51,2.57,0.0,0.0
791.0,537.0,831.0,588.0,811.0,562.0,-1.0,-1.0,0.0,0.0
810.0,548.0,840.0,569.0,825.0,558.0,-1.0,-1.0,0.0,0.0
809.0,554.0,844.0,578.0,826.0,566.0,2.56,2.61,0.0,0.0
814.0,551.0,840.0,557.0,827.0,554.0,-1.0,-1.0,0.0,0.0
791.0,548.0,815.0,582.0,803.0,565.0,-1.0,-1.0,0.0,0.0
793.0,550.0,816.0,536.0,804.0,543.0,2.46,2.57,0.0,0.0
799.0,546.0,799.0,546.0,799.0,546.0,-1.0,-1.0,0.0,0.0
804.0,548.0,842.0,547.0,823.0,547.0,-1.0,-1.0,0.0,0.0
806.0,547.0,842.0,559.0,824.0,553.0,2.46,2.64,0.0,0.0
814.0,546.0,848.0,583.0,831.0,564.0,-1.0,-1.0,0.0,0.0
799.0,566.0,799.0,566.0,799.0,566.0,-1.0,-1.0,0.0,0.0
800.0,574.0,851.0,562.0,825.0,568.0,2.49,2.46,0.0,0.0
798.0,572.0,798.0,572.0,798.0,572.0,-1.0,-1.0,0.0,0.0
806.0,575.0,851.0,560.0,828.0,567.0,-1.0,-1.0,0.0,0.0
848.0,562.0,848.0,562.0,848.0,562.0,2.5,2.5,0.0,0.0
810.0,576.0,810.0,576.0,810.0,576.0,-1.0,-1.0,0.0,0.0
844.0,520.0,844.0,520.0,844.0,520.0,-1.0,-1.0,0.0,0.0
848.0,532.0,848.0,532.0,848.0,532.0,2.55,2.55,0.0,0.0
781.0,569.0,848.0,532.0,814.0,550.0,-1.0,-1.0,0.0,0.0
786.0,540.0,829.0,562.0,807.0,551.0,-1.0,-1.0,0.0,0.0
800.0,541.0,829.0,574.0,814.0,557.0,2.37,2.63,0.0,0.0
797.0,535.0,797.0,535.0,797.0,535.0,-1.0,-1.0,0.0,0.0
799.0,535.0,833.0,581.0,816.0,558.0,-1.0,-1.0,0.0,0.0
801.0,538.0,830.0,574.0,815.0,556.0,2.4,2.56,0.0,0.0
796.0,541.0,796.0,541.0,796.0,541.0,-1.0,-1.0,0.0,0.0
782.0,559.0,847.0,553.0,814.0,556.0,-1.0,-1.0,0.0,0.0
785.0,566.0,846.0,548.0,815.0,557.0,2.49,2.53,0.0,0.0
783.0,565.0,783.0,565.0,783.0,565.0,-1.0,-1.0,0.0,0.0
-1.0,-1.0,-1.0,-1.0,-1.0,-1.0,-1.0,-1.0,-1.0,-1.0
841.0,559.0,841.0,559.0,841.0,559.0,2.61,2.61,0.0,0.0
779.0,556.0,779.0,556.0,779.0,556.0,-1.0,-1.0,0.0,0.0
-1.0,-1.0,-1.0,-1.0,-1.0,-1.0,-1.0,-1.0,-1.0,-1.0
756.0,516.0,837.0,526.0,796.0,521.0,2.43,2.57,0.0,0.0
773.0,504.0,825.0,521.0,799.0,512.0,-1.0,-1.0,0.0,0.0
841.0,531.0,841.0,531.0,841.0,531.0,-1.0,-1.0,0.0,0.0
758.0,498.0,838.0,542.0,798.0,520.0,2.33,2.63,0.0,0.0
755.0,519.0,755.0,519.0,755.0,519.0,-1.0,-1.0,0.0,0.0
-1.0,-1.0,-1.0,-1.0,-1.0,-1.0,-1.0,-1.0,-1.0,-1.0
826.0,537.0,826.0,537.0,826.0,537.0,2.62,2.62,0.0,0.0
757.0,521.0,855.0,538.0,806.0,529.0,-1.0,-1.0,0.0,0.0
793.0,523.0,855.0,532.0,824.0,527.0,-1.0,-1.0,0.0,0.0
855.0,523.0,855.0,523.0,855.0,523.0,2.64,2.64,0.0,0.0
758.0,535.0,758.0,535.0,758.0,535.0,-1.0,-1.0,0.0,0.0
875.0,540.0,875.0,540.0,875.0,540.0,-1.0,-1.0,0.0,0.0
790.0,539.0,880.0,545.0,835.0,542.0,2.45,2.6,0.0,0.0
792.0,535.0,792.0,535.0,792.0,535.0,-1.0,-1.0,0.0,0.0
791.0,534.0,858.0,549.0,824.0,541.0,-1.0,-1.0,0.0,0.0
785.0,536.0,868.0,526.0,826.0,531.0,2.45,2.45,0.0,0.0
782.0,539.0,849.0,536.0,815.0,537.0,-1.0,-1.0,0.0,0.0
786.0,530.0,854.0,534.0,820.0,532.0,-1.0,-1.0,0.0,0.0
792.0,536.0,848.0,549.0,820.0,542.0,2.51,2.54,0.0,0.0
763.0,528.0,852.0,552.0,807.0,540.0,-1.0,-1.0,0.0,0.0
-1.0,-1.0,-1.0,-1.0,-1.0,-1.0,-1.0,-1.0,-1.0,-1.0
791.0,526.0,852.0,565.0,821.0,545.0,2.47,2.61,0.0,0.0
829.0,524.0,850.0,568.0,839.0,546.0,-1.0,-1.0,0.0,0.0
-1.0,-1.0,-1.0,-1.0,-1.0,-1.0,-1.0,-1.0,-1.0,-1.0
818.0,554.0,818.0,554.0,818.0,554.0,2.58,2.58,0.0,0.0
756.0,541.0,756.0,541.0,756.0,541.0,-1.0,-1.0,0.0,0.0
796.0,544.0,842.0,559.0,819.0,551.0,-1.0,-1.0,0.0,0.0
790.0,530.0,844.0,540.0,817.0,535.0,2.43,2.39,0.0,0.0
795.0,537.0,795.0,537.0,795.0,537.0,-1.0,-1.0,0.0,0.0
-1.0,-1.0,-1.0,-1.0,-1.0,-1.0,-1.0,-1.0,-1.0,-1.0
795.0,547.0,860.0,543.0,827.0,545.0,2.49,2.48,0.0,0.0
784.0,540.0,842.0,558.0,813.0,549.0,-1.0,-1.0,0.0,0.0
788.0,543.0,845.0,560.0,816.0,551.0,-1.0,-1.0,0.0,0.0
788.0,534.0,847.0,551.0,817.0,542.0,2.44,2.43,0.0,0.0
788.0,533.0,843.0,563.0,815.0,548.0,-1.0,-1.0,0.0,0.0
782.0,531.0,782.0,531.0,782.0,531.0,-1.0,-1.0,0.0,0.0
779.0,529.0,840.0,586.0,809.0,557.0,2.37,2.6,0.0,0.0
791.0,540.0,791.0,540.0,791.0,540.0,-1.0,-1.0,0.0,0.0
848.0,590.0,848.0,590.0,848.0,590.0,-1.0,-1.0,0.0,0.0
797.0,570.0,847.0,582.0,822.0,576.0,2.55,2.49,0.0,0.0
792.0,567.0,792.0,567.0,792.0,567.0,-1.0,-1.0,0.0,0.0
801.0,571.0,869.0,552.0,835.0,561.0,-1.0,-1.0,0.0,0.0
790.0,535.0,869.0,545.0,829.0,540.0,2.32,2.45,0.0,0.0
754.0,513.0,838.0,553.0,796.0,533.0,-1.0,-1.0,0.0,0.0
844.0,549.0,844.0,549.0,844.0,549.0,-1.0,-1.0,0.0,0.0
821.0,543.0,845.0,559.0,833.0,551.0,2.38,2.56,0.0,0.0
805.0,541.0,848.0,544.0,826.0,542.0,-1.0,-1.0,0.0,0.0
741.0,504.0,741.0,504.0,741.0,504.0,-1.0,-1.0,0.0,0.0
741.0,503.0,846.0,534.0,793.0,518.0,2.4,2.54,0.0,0.0
746.0,508.0,847.0,554.0,796.0,531.0,-1.0,-1.0,0.0,0.0
850.0,567.0,850.0,567.0,850.0,567.0,-1.0,-1.0,0.0,0.0
848.0,580.0,848.0,580.0,848.0,580.0,2.57,2.57,0.0,0.0
747.0,519.0,747.0,519.0,747.0,519.0,-1.0,-1.0,0.0,0.0
839.0,575.0,839.0,575.0,839.0,575.0,-1.0,-1.0,0.0,0.0
728.0,528.0,842.0,572.0,785.0,550.0,2.31,2.6,0.0,0.0
727.0,523.0,727.0,523.0,727.0,523.0,-1.0,-1.0,0.0,0.0
774.0,528.0,876.0,567.0,825.0,547.0,-1.0,-1.0,0.0,0.0
785.0,559.0,876.0,562.0,830.0,560.0,2.48,2.5,0.0,0.0
793.0,554.0,846.0,578.0,819.0,566.0,-1.0,-1.0,0.0,0.0
767.0,532.0,767.0,532.0,767.0,532.0,-1.0,-1.0,0.0,0.0
768.0,520.0,841.0,569.0,804.0,544.0,2.36,2.48,0.0,0.0
754.0,518.0,847.0,570.0,800.0,544.0,-1.0,-1.0,0.0,0.0
770.0,535.0,822.0,588.0,796.0,561.0,-1.0,-1.0,0.0,0.0
766.0,556.0,826.0,594.0,796.0,575.0,2.53,2.53,0.0,0.0
757.0,552.0,819.0,589.0,788.0,570.0,-1.0,-1.0,0.0,0.0
788.0,558.0,847.0,570.0,817.0,564.0,-1.0,-1.0,0.0,0.0
789.0,539.0,846.0,564.0,817.0,551.0,2.41,2.49,0.0,0.0
807.0,551.0,807.0,551.0,807.0,551.0,-1.0,-1.0,0.0,0.0
785.0,536.0,785.0,536.0,785.0,536.0,-1.0,-1.0,0.0,0.0
780.0,541.0,842.0,571.0,811.0,556.0,2.47,2.55,0.0,0.0
763.0,537.0,763.0,537.0,763.0,537.0,-1.0,-1.0,0.0,0.0
-1.0,-1.0,-1.0,-1.0,-1.0,-1.0,-1.0,-1.0,-1.0,-1.0
761.0,532.0,833.0,491.0,797.0,511.0,2.47,2.44,0.0,0.0
-1.0,-1.0,-1.0,-1.0,-1.0,-1.0,-1.0,-1.0,-1.0,-1.0
759.0,532.0,852.0,520.0,805.0,526.0,-1.0,-1.0,0.0,0.0
-1.0,-1.0,-1.0,-1.0,-1.0,-1.0,-1.0,-1.0,-1.0,-1.0
774.0,529.0,774.0,529.0,774.0,529.0,-1.0,-1.0,0.0,0.0
793.0,540.0,793.0,540.0,793.0,540.0,-1.0,-1.0,0.0,0.0
856.0,553.0,856.0,553.0,856.0,553.0,2.56,2.56,0.0,0.0
771.0,527.0,771.0,527.0,771.0,527.0,-1.0,-1.0,0.0,0.0
749.0,545.0,877.0,557.0,813.0,551.0,-1.0,-1.0,0.0,0.0
782.0,558.0,869.0,560.0,825.0,559.0,2.44,2.56,0.0,0.0
785.0,549.0,785.0,549.0,785.0,549.0,-1.0,-1.0,0.0,0.0
800.0,528.0,869.0,552.0,834.0,540.0,-1.0,-1.0,0.0,0.0
797.0,527.0,857.0,542.0,827.0,534.0,2.45,2.56,0.0,0.0
795.0,543.0,795.0,543.0,795.0,543.0,-1.0,-1.0,0.0,0.0
784.0,539.0,850.0,551.0,817.0,545.0,-1.0,-1.0,0.0,0.0
788.0,546.0,853.0,555.0,820.0,550.0,2.49,2.56,0.0,0.0
-1.0,-1.0,-1.0,-1.0,-1.0,-1.0,-1.0,-1.0,-1.0,-1.0
806.0,560.0,823.0,583.0,814.0,571.0,-1.0,-1.0,0.0,0.0
819.0,663.0,819.0,663.0,819.0,663.0,2.55,2.55,0.0,0.0
-1.0,-1.0,-1.0,-1.0,-1.0,-1.0,-1.0,-1.0,-1.0,-1.0
823.0,557.0,852.0,540.0,837.0,548.0,-1.0,-1.0,0.0,0.0
864.0,533.0,864.0,533.0,864.0,533.0,2.48,2.48,0.0,0.0
-1.0,-1.0,-1.0,-1.0,-1.0,-1.0,-1.0,-1.0,-1.0,-1.0
903.0,537.0,836.0,510.0,869.0,523.0,-1.0,-1.0,0.0,0.0
826.0,562.0,836.0,512.0,831.0,537.0,2.48,2.5,0.0,0.0
797.0,544.0,836.0,512.0,816.0,528.0,-1.0,-1.0,0.0,0.0
796.0,545.0,842.0,568.0,819.0,556.0,-1.0,-1.0,0.0,0.0
804.0,559.0,837.0,587.0,820.0,573.0,2.62,2.63,0.0,0.0
806.0,562.0,829.0,589.0,817.0,575.0,-1.0,-1.0,0.0,0.0
829.0,605.0,826.0,582.0,827.0,593.0,-1.0,-1.0,0.0,0.0
783.0,540.0,830.0,576.0,806.0,558.0,2.41,2.62,0.0,0.0
797.0,530.0,832.0,561.0,814.0,545.0,-1.0,-1.0,0.0,0.0
803.0,511.0,803.0,511.0,803.0,511.0,-1.0,-1.0,0.0,0.0
803.0,530.0,827.0,577.0,815.0,553.0,2.48,2.68,0.0,0.0
782.0,520.0,782.0,520.0,782.0,520.0,-1.0,-1.0,0.0,0.0
799.0,536.0,799.0,536.0,799.0,536.0,-1.0,-1.0,0.0,0.0
806.0,536.0,804.0,584.0,805.0,560.0,2.53,2.69,0.0,0.0
793.0,557.0,801.0,601.0,797.0,579.0,-1.0,-1.0,0.0,0.0
799.0,552.0,832.0,595.0,815.0,573.0,-1.0,-1.0,0.0,0.0
830.0,586.0,830.0,586.0,830.0,586.0,2.63,2.63,0.0,0.0
818.0,553.0,818.0,553.0,818.0,553.0,-1.0,-1.0,0.0,0.0
820.0,583.0,820.0,583.0,820.0,583.0,-1.0,-1.0,0.0,0.0
817.0,557.0,825.0,580.0,821.0,568.0,2.48,2.61,0.0,0.0
817.0,555.0,817.0,555.0,817.0,555.0,-1.0,-1.0,0.0,0.0
800.0,560.0,800.0,560.0,800.0,560.0,-1.0,-1.0,0.0,0.0
854.0,561.0,854.0,561.0,854.0,561.0,2.61,2.61,0.0,0.0
810.0,553.0,825.0,587.0,817.0,570.0,-1.0,-1.0,0.0,0.0
-1.0,-1.0,-1.0,-1.0,-1.0,-1.0,-1.0,-1.0,-1.0,-1.0
798.0,586.0,798.0,586.0,798.0,586.0,2.56,2.56,0.0,0.0
791.0,538.0,808.0,586.0,799.0,562.0,-1.0,-1.0,0.0,0.0
838.0,587.0,838.0,587.0,838.0,587.0,-1.0,-1.0,0.0,0.0
810.0,602.0,810.0,602.0,810.0,602.0,2.61,2.61,0.0,0.0
838.0,587.0,838.0,587.0,838.0,587.0,-1.0,-1.0,0.0,0.0
803.0,524.0,846.0,585.0,824.0,554.0,-1.0,-1.0,0.0,0.0
805.0,538.0,846.0,575.0,825.0,556.0,2.5,2.54,0.0,0.0
798.0,549.0,798.0,549.0,798.0,549.0,-1.0,-1.0,0.0,0.0
874.0,554.0,874.0,554.0,874.0,554.0,-1.0,-1.0,0.0,0.0
876.0,562.0,876.0,562.0,876.0,562.0,2.55,2.55,0.0,0.0
794.0,554.0,794.0,554.0,794.0,554.0,-1.0,-1.0,0.0,0.0
-1.0,-1.0,-1.0,-1.0,-1.0,-1.0,-1.0,-1.0,-1.0,-1.0
882.0,554.0,882.0,554.0,882.0,554.0,2.44,2.44,0.0,0.0
716.0,528.0,716.0,528.0,716.0,528.0,-1.0,-1.0,0.0,0.0
771.0,552.0,859.0,550.0,815.0,551.0,-1.0,-1.0,0.0,0.0
781.0,542.0,856.0,554.0,818.0,548.0,2.39,2.58,0.0,0.0
769.0,522.0,853.0,554.0,811.0,538.0,-1.0,-1.0,0.0,0.0
-1.0,-1.0,-1.0,-1.0,-1.0,-1.0,-1.0,-1.0,-1.0,-1.0
806.0,562.0,837.0,578.0,821.0,570.0,2.54,2.48,0.0,0.0
-1.0,-1.0,-1.0,-1.0,-1.0,-1.0,-1.0,-1.0,-1.0,-1.0
-1.0,-1.0,-1.0,-1.0,-1.0,-1.0,-1.0,-1.0,-1.0,-1.0
777.0,525.0,809.0,593.0,793.0,559.0,2.32,2.47,0.0,0.0
716.0,525.0,716.0,525.0,716.0,525.0,-1.0,-1.0,0.0,0.0
781.0,538.0,869.0,555.0,825.0,546.0,-1.0,-1.0,0.0,0.0
-1.0,-1.0,-1.0,-1.0,-1.0,-1.0,-1.0,-1.0,-1.0,-1.0
794.0,545.0,846.0,563.0,820.0,554.0,-1.0,-1.0,0.0,0.0
840.0,558.0,840.0,558.0,840.0,558.0,-1.0,-1.0,0.0,0.0
796.0,566.0,836.0,555.0,816.0,560.0,2.5,2.52,0.0,0.0
786.0,561.0,786.0,561.0,786.0,561.0,-1.0,-1.0,0.0,0.0
755.0,539.0,844.0,551.0,799.0,545.0,-1.0,-1.0,0.0,0.0
751.0,516.0,838.0,562.0,794.0,539.0,2.43,2.55,0.0,0.0
762.0,518.0,762.0,518.0,762.0,518.0,-1.0,-1.0,0.0,0.0
786.0,544.0,786.0,544.0,786.0,544.0,-1.0,-1.0,0.0,0.0
872.0,540.0,872.0,540.0,872.0,540.0,2.51,2.51,0.0,0.0
796.0,537.0,796.0,537.0,796.0,537.0,-1.0,-1.0,0.0,0.0
752.0,519.0,864.0,553.0,808.0,536.0,-1.0,-1.0,0.0,0.0
780.0,561.0,858.0,553.0,819.0,557.0,2.4,2.52,0.0,0.0
777.0,562.0,777.0,562.0,777.0,562.0,-1.0,-1.0,0.0,0.0
849.0,542.0,849.0,542.0,849.0,542.0,-1.0,-1.0,0.0,0.0
775.0,574.0,858.0,538.0,816.0,556.0,2.49,2.49,0.0,0.0
784.0,574.0,784.0,574.0,784.0,574.0,-1.0,-1.0,0.0,0.0
809.0,544.0,809.0,544.0,809.0,544.0,-1.0,-1.0,0.0,0.0
813.0,518.0,853.0,548.0,833.0,533.0,2.33,2.57,0.0,0.0
798.0,515.0,798.0,515.0,798.0,515.0,-1.0,-1.0,0.0,0.0
780.0,520.0,855.0,551.0,817.0,535.0,-1.0,-1.0,0.0,0.0
780.0,541.0,849.0,550.0,814.0,545.0,2.46,2.63,0.0,0.0
835.0,563.0,835.0,563.0,835.0,563.0,-1.0,-1.0,0.0,0.0
755.0,548.0,853.0,546.0,804.0,547.0,-1.0,-1.0,0.0,0.0
753.0,550.0,875.0,524.0,814.0,537.0,2.44,2.43,0.0,0.0
790.0,550.0,790.0,550.0,790.0,550.0,-1.0,-1.0,0.0,0.0
799.0,536.0,875.0,533.0,837.0,534.0,-1.0,-1.0,0.0,0.0
-1.0,-1.0,-1.0,-1.0,-1.0,-1.0,-1.0,-1.0,-1.0,-1.0
805.0,534.0,805.0,534.0,805.0,534.0,-1.0,-1.0,0.0,0.0
782.0,544.0,851.0,526.0,816.0,535.0,-1.0,-1.0,0.0,0.0
-1.0,-1.0,-1.0,-1.0,-1.0,-1.0,-1.0,-1.0,-1.0,-1.0
743.0,546.0,743.0,546.0,743.0,546.0,-1.0,-1.0,0.0,0.0
761.0,540.0,900.0,556.0,830.0,548.0,-1.0,-1.0,0.0,0.0
801.0,551.0,878.0,544.0,839.0,547.0,2.47,2.53,0.0,0.0
784.0,542.0,854.0,563.0,819.0,552.0,-1.0,-1.0,0.0,0.0
856.0,567.0,856.0,567.0,856.0,567.0,-1.0,-1.0,0.0,0.0
853.0,577.0,853.0,577.0,853.0,577.0,2.62,2.62,0.0,0.0
796.0,535.0,796.0,535.0,796.0,535.0,-1.0,-1.0,0.0,0.0
805.0,536.0,848.0,574.0,826.0,555.0,-1.0,-1.0,0.0,0.0
-1.0,-1.0,-1.0,-1.0,-1.0,-1.0,-1.0,-1.0,-1.0,-1.0
814.0,528.0,851.0,573.0,832.0,550.0,-1.0,-1.0,0.0,0.0
-1.0,-1.0,-1.0,-1.0,-1.0,-1.0,-1.0,-1.0,-1.0,-1.0
819.0,545.0,854.0,568.0,836.0,556.0,2.49,2.57,0.0,0.0
811.0,548.0,876.0,553.0,843.0,550.0,-1.0,-1.0,0.0,0.0
794.0,542.0,897.0,545.0,845.0,543.0,-1.0,-1.0,0.0,0.0
-1.0,-1.0,-1.0,-1.0,-1.0,-1.0,-1.0,-1.0,-1.0,-1.0
794.0,556.0,883.0,577.0,838.0,566.0,-1.0,-1.0,0.0,0.0
768.0,544.0,874.0,552.0,821.0,548.0,-1.0,-1.0,0.0,0.0
771.0,552.0,854.0,561.0,812.0,556.0,2.61,2.53,0.0,0.0
774.0,537.0,850.0,537.0,812.0,537.0,-1.0,-1.0,0.0,0.0
814.0,554.0,851.0,528.0,832.0,541.0,-1.0,-1.0,0.0,0.0
810.0,539.0,857.0,531.0,833.0,535.0,2.48,2.6,0.0,0.0
814.0,547.0,868.0,537.0,841.0,542.0,-1.0,-1.0,0.0,0.0
799.0,543.0,883.0,575.0,841.0,559.0,-1.0,-1.0,0.0,0.0
801.0,552.0,874.0,583.0,837.0,567.0,2.55,2.61,0.0,0.0
805.0,544.0,870.0,561.0,837.0,552.0,-1.0,-1.0,0.0,0.0
806.0,557.0,859.0,553.0,832.0,555.0,-1.0,-1.0,0.0,0.0
799.0,553.0,813.0,522.0,806.0,537.0,2.51,2.54,0.0,0.0
776.0,552.0,854.0,558.0,815.0,555.0,-1.0,-1.0,0.0,0.0
860.0,560.0,860.0,560.0,860.0,560.0,-1.0,-1.0,0.0,0.0
787.0,569.0,865.0,569.0,826.0,569.0,2.57,2.59,0.0,0.0
781.0,577.0,781.0,577.0,781.0,577.0,-1.0,-1.0,0.0,0.0
792.0,568.0,839.0,539.0,815.0,553.0,-1.0,-1.0,0.0,0.0
783.0,552.0,849.0,548.0,816.0,550.0,2.51,2.63,0.0,0.0
803.0,557.0,803.0,557.0,803.0,557.0,-1.0,-1.0,0.0,0.0
785.0,558.0,865.0,560.0,825.0,559.0,-1.0,-1.0,0.0,0.0
782.0,543.0,851.0,533.0,816.0,538.0,2.42,2.5,0.0,0.0
785.0,539.0,785.0,539.0,785.0,539.0,-1.0,-1.0,0.0,0.0
790.0,542.0,790.0,542.0,790.0,542.0,-1.0,-1.0,0.0,0.0
793.0,550.0,866.0,579.0,829.0,564.0,2.49,2.64,0.0,0.0
784.0,542.0,784.0,542.0,784.0,542.0,-1.0,-1.0,0.0,0.0
780.0,561.0,861.0,563.0,820.0,562.0,-1.0,-1.0,0.0,0.0
861.0,539.0,861.0,539.0,861.0,539.0,2.52,2.52,0.0,0.0
795.0,565.0,795.0,565.0,795.0,565.0,-1.0,-1.0,0.0,0.0
814.0,543.0,814.0,543.0,814.0,543.0,-1.0,-1.0,0.0,0.0
855.0,534.0,855.0,534.0,855.0,534.0,2.51,2.51,0.0,0.0
764.0,535.0,832.0,528.0,798.0,531.0,-1.0,-1.0,0.0,0.0
729.0,577.0,827.0,538.0,778.0,557.0,-1.0,-1.0,0.0,0.0
765.0,580.0,826.0,537.0,795.0,558.0,2.44,2.45,0.0,0.0
771.0,583.0,847.0,543.0,809.0,563.0,-1.0,-1.0,0.0,0.0
783.0,551.0,852.0,540.0,817.0,545.0,-1.0,-1.0,0.0,0.0
-1.0,-1.0,-1.0,-1.0,-1.0,-1.0,-1.0,-1.0,-1.0,-1.0
786.0,537.0,786.0,537.0,786.0,537.0,-1.0,-1.0,0.0,0.0
777.0,532.0,841.0,542.0,809.0,537.0,-1.0,-1.0,0.0,0.0
779.0,531.0,846.0,544.0,812.0,537.0,2.42,2.5,0.0,0.0
791.0,540.0,791.0,540.0,791.0,540.0,-1.0,-1.0,0.0,0.0
789.0,568.0,789.0,568.0,789.0,568.0,-1.0,-1.0,0.0,0.0
846.0,559.0,846.0,559.0,846.0,559.0,2.6,2.6,0.0,0.0
782.0,568.0,782.0,568.0,782.0,568.0,-1.0,-1.0,0.0,0.0
-1.0,-1.0,-1.0,-1.0,-1.0,-1.0,-1.0,-1.0,-1.0,-1.0
826.0,516.0,826.0,516.0,826.0,516.0,2.47,2.47,0.0,0.0
726.0,567.0,821.0,535.0,773.0,551.0,-1.0,-1.0,0.0,0.0
853.0,554.0,853.0,554.0,853.0,554.0,-1.0,-1.0,0.0,0.0
-1.0,-1.0,-1.0,-1.0,-1.0,-1.0,-1.0,-1.0,-1.0,-1.0
734.0,540.0,849.0,556.0,791.0,548.0,-1.0,-1.0,0.0,0.0
-1.0,-1.0,-1.0,-1.0,-1.0,-1.0,-1.0,-1.0,-1.0,-1.0
781.0,549.0,850.0,567.0,815.0,558.0,2.43,2.52,0.0,0.0
779.0,549.0,779.0,549.0,779.0,549.0,-1.0,-1.0,0.0,0.0
776.0,547.0,776.0,547.0,776.0,547.0,-1.0,-1.0,0.0,0.0
778.0,526.0,813.0,584.0,795.0,555.0,2.24,2.58,0.0,0.0
769.0,530.0,769.0,530.0,769.0,530.0,-1.0,-1.0,0.0,0.0
772.0,530.0,857.0,563.0,814.0,546.0,-1.0,-1.0,0.0,0.0
782.0,561.0,856.0,559.0,819.0,560.0,2.48,2.56,0.0,0.0
785.0,556.0,842.0,580.0,813.0,568.0,-1.0,-1.0,0.0,0.0
777.0,553.0,861.0,585.0,819.0,569.0,-1.0,-1.0,0.0,0.0
776.0,551.0,866.0,575.0,821.0,563.0,2.48,2.48,0.0,0.0
792.0,552.0,792.0,552.0,792.0,552.0,-1.0,-1.0,0.0,0.0
802.0,558.0,861.0,543.0,831.0,550.0,-1.0,-1.0,0.0,0.0
793.0,546.0,861.0,542.0,827.0,544.0,2.37,2.5,0.0,0.0
774.0,540.0,839.0,567.0,806.0,553.0,-1.0,-1.0,0.0,0.0
770.0,527.0,855.0,533.0,812.0,530.0,-1.0,-1.0,0.0,0.0
-1.0,-1.0,-1.0,-1.0,-1.0,-1.0,-1.0,-1.0,-1.0,-1.0
776.0,538.0,856.0,533.0,816.0,535.0,-1.0,-1.0,0.0,0.0
772.0,544.0,850.0,574.0,811.0,559.0,-1.0,-1.0,0.0,0.0
852.0,575.0,852.0,575.0,852.0,575.0,2.57,2.57,0.0,0.0
767.0,537.0,848.0,560.0,807.0,548.0,-1.0,-1.0,0.0,0.0
786.0,532.0,786.0,532.0,786.0,532.0,-1.0,-1.0,0.0,0.0
808.0,543.0,846.0,569.0,827.0,556.0,2.5,2.62,0.0,0.0
803.0,543.0,843.0,580.0,823.0,561.0,-1.0,-1.0,0.0,0.0
817.0,547.0,855.0,584.0,836.0,565.0,-1.0,-1.0,0.0,0.0
853.0,574.0,853.0,574.0,853.0,574.0,2.52,2.52,0.0,0.0
825.0,543.0,853.0,567.0,839.0,555.0,-1.0,-1.0,0.0,0.0
815.0,540.0,836.0,559.0,825.0,549.0,-1.0,-1.0,0.0,0.0
-1.0,-1.0,-1.0,-1.0,-1.0,-1.0,-1.0,-1.0,-1.0,-1.0
778.0,524.0,778.0,524.0,778.0,524.0,-1.0,-1.0,0.0,0.0
772.0,533.0,841.0,568.0,806.0,550.0,-1.0,-1.0,0.0,0.0
800.0,540.0,838.0,565.0,819.0,552.0,2.46,2.52,0.0,0.0
802.0,548.0,840.0,574.0,821.0,561.0,-1.0,-1.0,0.0,0.0
793.0,539.0,846.0,568.0,819.0,553.0,-1.0,-1.0,0.0,0.0
-1.0,-1.0,-1.0,-1.0,-1.0,-1.0,-1.0,-1.0,-1.0,-1.0
770.0,544.0,770.0,544.0,770.0,544.0,-1.0,-1.0,0.0,0.0
-1.0,-1.0,-1.0,-1.0,-1.0,-1.0,-1.0,-1.0,-1.0,-1.0
765.0,545.0,846.0,582.0,805.0,563.0,2.44,2.63,0.0,0.0
796.0,543.0,848.0,577.0,822.0,560.0,-1.0,-1.0,0.0,0.0
806.0,548.0,855.0,581.0,830.0,564.0,-1.0,-1.0,0.0,0.0
821.0,561.0,860.0,581.0,840.0,571.0,2.52,2.63,0.0,0.0
814.0,552.0,814.0,552.0,814.0,552.0,-1.0,-1.0,0.0,0.0
825.0,550.0,843.0,571.0,834.0,560.0,-1.0,-1.0,0.0,0.0
817.0,526.0,859.0,526.0,838.0,526.0,2.4,2.56,0.0,0.0
815.0,523.0,836.0,525.0,825.0,524.0,-1.0,-1.0,0.0,0.0
804.0,518.0,836.0,525.0,820.0,521.0,-1.0,-1.0,0.0,0.0
811.0,536.0,852.0,543.0,831.0,539.0,2.53,2.6,0.0,0.0
810.0,538.0,836.0,567.0,823.0,552.0,-1.0,-1.0,0.0,0.0
812.0,545.0,842.0,570.0,827.0,557.0,-1.0,-1.0,0.0,0.0
812.0,536.0,846.0,571.0,829.0,553.0,2.49,2.62,0.0,0.0
827.0,531.0,827.0,531.0,827.0,531.0,-1.0,-1.0,0.0,0.0
852.0,572.0,852.0,572.0,852.0,572.0,-1.0,-1.0,0.0,0.0
832.0,542.0,850.0,578.0,841.0,560.0,2.54,2.68,0.0,0.0
810.0,552.0,810.0,552.0,810.0,552.0,-1.0,-1.0,0.0,0.0
871.0,551.0,871.0,551.0,871.0,551.0,-1.0,-1.0,0.0,0.0
870.0,546.0,870.0,546.0,870.0,546.0,2.66,2.66,0.0,0.0
759.0,551.0,860.0,565.0,809.0,558.0,-1.0,-1.0,0.0,0.0
-1.0,-1.0,-1.0,-1.0,-1.0,-1.0,-1.0,-1.0,-1.0,-1.0
752.0,544.0,864.0,561.0,808.0,552.0,2.53,2.65,0.0,0.0
761.0,550.0,761.0,550.0,761.0,550.0,-1.0,-1.0,0.0,0.0
797.0,552.0,836.0,536.0,816.0,544.0,-1.0,-1.0,0.0,0.0
791.0,552.0,830.0,530.0,810.0,541.0,2.55,2.62,0.0,0.0
787.0,547.0,787.0,547.0,787.0,547.0,-1.0,-1.0,0.0,0.0
789.0,538.0,843.0,539.0,816.0,538.0,-1.0,-1.0,0.0,0.0
789.0,541.0,830.0,544.0,809.0,542.0,2.56,2.62,0.0,0.0
787.0,546.0,787.0,546.0,787.0,546.0,-1.0,-1.0,0.0,0.0
786.0,543.0,836.0,548.0,811.0,545.0,-1.0,-1.0,0.0,0.0
-1.0,-1.0,-1.0,-1.0,-1.0,-1.0,-1.0,-1.0,-1.0,-1.0
787.0,543.0,835.0,566.0,811.0,554.0,-1.0,-1.0,0.0,0.0
-1.0,-1.0,-1.0,-1.0,-1.0,-1.0,-1.0,-1.0,-1.0,-1.0
-1.0,-1.0,-1.0,-1.0,-1.0,-1.0,-1.0,-1.0,-1.0,-1.0
778.0,534.0,864.0,580.0,821.0,557.0,-1.0,-1.0,0.0,0.0
785.0,551.0,853.0,589.0,819.0,570.0,-1.0,-1.0,0.0,0.0
800.0,563.0,834.0,565.0,817.0,564.0,2.59,2.63,0.0,0.0
807.0,560.0,818.0,563.0,812.0,561.0,-1.0,-1.0,0.0,0.0
819.0,553.0,810.0,566.0,814.0,559.0,-1.0,-1.0,0.0,0.0
808.0,540.0,815.0,567.0,811.0,553.0,2.51,2.65,0.0,0.0
794.0,529.0,813.0,558.0,803.0,543.0,-1.0,-1.0,0.0,0.0
779.0,529.0,832.0,551.0,805.0,540.0,-1.0,-1.0,0.0,0.0
783.0,533.0,832.0,559.0,807.0,546.0,2.52,2.68,0.0,0.0
794.0,543.0,794.0,543.0,794.0,543.0,-1.0,-1.0,0.0,0.0
820.0,560.0,820.0,560.0,820.0,560.0,-1.0,-1.0,0.0,0.0
819.0,550.0,819.0,550.0,819.0,550.0,2.62,2.62,0.0,0.0
807.0,539.0,818.0,557.0,812.0,548.0,-1.0,-1.0,0.0,0.0
811.0,537.0,795.0,584.0,803.0,560.0,-1.0,-1.0,0.0,0.0
810.0,542.0,779.0,630.0,794.0,586.0,2.6,2.43,0.0,0.0
794.0,551.0,794.0,551.0,794.0,551.0,-1.0,-1.0,0.0,0.0
794.0,563.0,836.0,557.0,815.0,560.0,-1.0,-1.0,0.0,0.0
-1.0,-1.0,-1.0,-1.0,-1.0,-1.0,-1.0,-1.0,-1.0,-1.0
804.0,564.0,851.0,549.0,827.0,556.0,-1.0,-1.0,0.0,0.0
795.0,565.0,836.0,548.0,815.0,556.0,-1.0,-1.0,0.0,0.0
803.0,567.0,835.0,569.0,819.0,568.0,2.58,2.67,0.0,0.0
811.0,554.0,811.0,554.0,811.0,554.0,-1.0,-1.0,0.0,0.0
828.0,547.0,834.0,569.0,831.0,558.0,-1.0,-1.0,0.0,0.0
827.0,541.0,835.0,579.0,831.0,560.0,2.55,2.73,0.0,0.0
830.0,584.0,830.0,584.0,830.0,584.0,-1.0,-1.0,0.0,0.0
815.0,547.0,829.0,580.0,822.0,563.0,-1.0,-1.0,0.0,0.0
811.0,533.0,823.0,569.0,817.0,551.0,2.45,2.62,0.0,0.0
778.0,539.0,848.0,539.0,813.0,539.0,-1.0,-1.0,0.0,0.0
805.0,522.0,848.0,594.0,826.0,558.0,-1.0,-1.0,0.0,0.0
815.0,552.0,849.0,589.0,832.0,570.0,2.63,2.58,0.0,0.0
854.0,551.0,854.0,551.0,854.0,551.0,-1.0,-1.0,0.0,0.0
856.0,560.0,855.0,590.0,855.0,575.0,-1.0,-1.0,0.0,0.0
850.0,543.0,860.0,596.0,855.0,569.0,2.54,2.66,0.0,0.0
836.0,535.0,854.0,566.0,845.0,550.0,-1.0,-1.0,0.0,0.0
795.0,559.0,843.0,559.0,819.0,559.0,-1.0,-1.0,0.0,0.0
798.0,559.0,843.0,562.0,820.0,560.0,2.48,2.68,0.0,0.0
801.0,564.0,801.0,564.0,801.0,564.0,-1.0,-1.0,0.0,0.0
-1.0,-1.0,-1.0,-1.0,-1.0,-1.0,-1.0,-1.0,-1.0,-1.0
807.0,569.0,846.0,559.0,826.0,564.0,2.54,2.61,0.0,0.0
810.0,583.0,810.0,583.0,810.0,583.0,-1.0,-1.0,0.0,0.0
-1.0,-1.0,-1.0,-1.0,-1.0,-1.0,-1.0,-1.0,-1.0,-1.0
772.0,549.0,842.0,536.0,807.0,542.0,2.5,2.65,0.0,0.0
760.0,537.0,827.0,532.0,793.0,534.0,-1.0,-1.0,0.0,0.0
800.0,533.0,812.0,562.0,806.0,547.0,-1.0,-1.0,0.0,0.0
798.0,533.0,807.0,566.0,802.0,549.0,2.57,2.64,0.0,0.0
789.0,535.0,789.0,535.0,789.0,535.0,-1.0,-1.0,0.0,0.0
789.0,538.0,841.0,530.0,815.0,534.0,-1.0,-1.0,0.0,0.0
-1.0,-1.0,-1.0,-1.0,-1.0,-1.0,-1.0,-1.0,-1.0,-1.0
789.0,524.0,789.0,524.0,789.0,524.0,-1.0,-1.0,0.0,0.0
785.0,543.0,846.0,550.0,815.0,546.0,-1.0,-1.0,0.0,0.0
777.0,540.0,857.0,552.0,817.0,546.0,2.5,2.65,0.0,0.0
778.0,548.0,854.0,550.0,816.0,549.0,-1.0,-1.0,0.0,0.0
774.0,531.0,854.0,550.0,814.0,540.0,-1.0,-1.0,0.0,0.0
776.0,535.0,843.0,608.0,809.0,571.0,2.54,2.75,0.0,0.0
